<?xml version="1.0" encoding="ISO-8859-1"?><?xml-stylesheet type="text/xsl" href="../../stylesheets/s815 5.50/s8155.50ticrsimageretrieval1.0.xsl"?><uspto-tm-document description="Sections 8 and 15" document-type="s815" expiry-date="07/31/2018" form-number="1583" omb-form-note-text="Under the Paperwork Reduction Act of 1995 no persons are required to respond to a collection of information unless it displays a valid OMB control number.  " omb-form-number="0651-0055" revision-date="05/2006" system-creator="eteas" version="5.50" version-date="2015-11-14">   <trademark-case-files>    <trademark-case-file>     <case-file-header>      <registration-number>3880882</registration-number>      <serial-number>77757415</serial-number>      <mark action-code="read" version="original">       <typed-mark>        <mark-text>TRAUMA TEAM</mark-text>        <file-name height="133" image-type="jpeg" width="320">https://tmng-al.uspto.gov/resting2/api/img/77757415/large</file-name>       </typed-mark>      </mark>      <registration-date>20101123</registration-date>     </case-file-header>     <section-form appoint-representative-indicator="n" attorney-filing-indicator="y" declaration-signature-method="DSIGN" multiple-signatory-indicator="n" signatories-total="1">      <goods-services>       <goods-service action-code="create" version="new">        <keep-description-text-flag>YES</keep-description-text-flag>        <class-code>009</class-code>        <description-text>VIDEO AND COMPUTER GAME PROGRAMS, CARTRIDGES AND DISCS AND INSTRUCTION MANUALS SOLD AS A UNIT; INTERACTIVE GAME PROGRAMS FEATURING VIDEO GAMES FOR USE WITH TELEVISION VIDEO GAME MACHINES</description-text>        <specimen action-code="create" version="new">         <!--<file-name image-type="pdf" id="20161111202348292874-3880882-005_001" total-page-count="3">SPN0-72130216114-20161111201830243265_._Amazon.pdf</file-name>--><file-name image-type="jpg" ref="20161111202348292874-3880882-005_001">\\TICRS\EXPORT17\IMAGEOUT17\777\574\77757415\xml1\8150002.JPG</file-name>         <file-name image-type="jpg" ref="20161111202348292874-3880882-005_001">\\TICRS\EXPORT17\IMAGEOUT17\777\574\77757415\xml1\8150003.JPG</file-name>         <file-name image-type="jpg" ref="20161111202348292874-3880882-005_001">\\TICRS\EXPORT17\IMAGEOUT17\777\574\77757415\xml1\8150004.JPG</file-name>         <!--<file-name image-type="pdf" id="20161111202348292874-3880882-005_002" total-page-count="1">SPN0-72130216114-20161111201830243265_._Flash.pdf</file-name>--><file-name image-type="jpg" ref="20161111202348292874-3880882-005_002">\\TICRS\EXPORT17\IMAGEOUT17\777\574\77757415\xml1\8150005.JPG</file-name>         <!--<file-name image-type="pdf" id="20161111202348292874-3880882-005_003" total-page-count="1">SPN0-72130216114-20161111201830243265_._Official_Trauma_Team_Website_1.pdf</file-name>--><file-name image-type="jpg" ref="20161111202348292874-3880882-005_003">\\TICRS\EXPORT17\IMAGEOUT17\777\574\77757415\xml1\8150006.JPG</file-name>         <!--<file-name image-type="pdf" id="20161111202348292874-3880882-005_004" total-page-count="3">SPN0-72130216114-20161111201830243265_._Trauma_Team_for_Nintendo_Wii___GameStop.pdf</file-name>--><file-name image-type="jpg" ref="20161111202348292874-3880882-005_004">\\TICRS\EXPORT17\IMAGEOUT17\777\574\77757415\xml1\8150007.JPG</file-name>         <file-name image-type="jpg" ref="20161111202348292874-3880882-005_004">\\TICRS\EXPORT17\IMAGEOUT17\777\574\77757415\xml1\8150008.JPG</file-name>         <file-name image-type="jpg" ref="20161111202348292874-3880882-005_004">\\TICRS\EXPORT17\IMAGEOUT17\777\574\77757415\xml1\8150009.JPG</file-name>         <!--<file-name image-type="pdf" id="20161111202348292874-3880882-005_005" total-page-count="1">SPN0-72130216114-20161111201830243265_._Trauma_Team_for_Wii_U_-_Nintendo_Game_Details.pdf</file-name>--><file-name image-type="jpg" ref="20161111202348292874-3880882-005_005">\\TICRS\EXPORT17\IMAGEOUT17\777\574\77757415\xml1\8150010.JPG</file-name>         <description-text>mark exhibited on product packaging and on e-commerce website in conjunction with a description and depiction of the goods and means for ordering goods</description-text>        </specimen>       </goods-service>      </goods-services>      <case-file-owners>       <case-file-owner action-code="read" version="original">        <owner-role-code>32</owner-role-code>        <owner-role-sequence-number>0</owner-role-sequence-number>        <entry-sequence-number>1</entry-sequence-number>        <legal-entity-type-code>03</legal-entity-type-code>        <name>ATLUS U.S.A., INC.</name>        <street>6400 OAK CANYON STE. 100</street>        <city>IRVINE</city>        <state>California (CA)</state>        <postal-code>92618</postal-code>        <country-name>United States (USX)</country-name>        <citizenship-country-name>United States (USX)</citizenship-country-name>        <incorporated-in-state-code>California (CA)</incorporated-in-state-code>        <state-organized>California (CA)</state-organized>       </case-file-owner>       <case-file-owner action-code="update" version="correction">        <owner-role-code>32</owner-role-code>        <owner-role-sequence-number>0</owner-role-sequence-number>        <entry-sequence-number>1</entry-sequence-number>        <phone>949 788 0455</phone>        <fax>949 788 0433</fax>       </case-file-owner>      </case-file-owners>     </section-form>     <correspondence-form>      <source-form>815</source-form>      <correspondences>       <correspondence action-code="read" version="original">        <type-code>a</type-code>        <new-address>         <name>JAMES E. SHLESINGER</name>         <firm-name>SHLESINGER, ARKWRIGHT &amp; GARVEY LLP</firm-name>         <street>5845 RICHMOND HWY STE 415</street>         <internal-address/>         <city>ALEXANDRIA</city>         <state>Virginia (VA)</state>         <postal-code>22303-1872</postal-code>         <country-name>United States (USX)</country-name>         <phone>703-684-5600</phone>         <fax>703-836-5288</fax>         <email authorized="n"/>         <attorney-docket-number>R6023</attorney-docket-number>         <other-appointed-attorney/>        </new-address>       </correspondence>       <correspondence action-code="update" version="correction">        <type-code>a</type-code>        <new-address>         <name>Seth M Reiss</name>         <firm-name>Seth M Reiss, AAL, ALLLC</firm-name>         <street>3770 Lurline Drive</street>         <internal-address/>         <city>Honolulu</city>         <state>Hawaii (HI)</state>         <postal-code>96816</postal-code>         <country-name>United States (USX)</country-name>         <phone>(808) 521-7080</phone>         <fax>808 675 5805</fax>         <email authorized="y">seth.reiss@lex-ip.com</email>         <attorney-docket-number>1631-1D-12TM</attorney-docket-number>         <other-appointed-attorney/>        </new-address>       </correspondence>       <correspondence action-code="read" version="original">        <type-code>c</type-code>        <new-address>         <name>JAMES E. SHLESINGER</name>         <firm-name>SHLESINGER, ARKWRIGHT &amp; GARVEY LLP</firm-name>         <street>5845 RICHMOND HWY STE 415</street>         <internal-address/>         <city>ALEXANDRIA</city>         <state>Virginia (VA)</state>         <postal-code>22303-1872</postal-code>         <country-name>United States (USX)</country-name>         <phone>703-684-5600</phone>         <fax>703-836-5288</fax>         <email authorized="n"/>         <attorney-docket-number>R6023</attorney-docket-number>        </new-address>       </correspondence>       <correspondence action-code="update" version="correction">        <type-code>c</type-code>        <new-address>         <name>Seth M Reiss</name>         <firm-name>Seth M Reiss, AAL, ALLLC</firm-name>         <street>3770 Lurline Drive</street>         <internal-address/>         <city>Honolulu</city>         <state>Hawaii (HI)</state>         <postal-code>96816</postal-code>         <country-name>United States (USX)</country-name>         <phone>(808) 521-7080</phone>         <fax>808 675 5805</fax>         <email authorized="y">seth.reiss@lex-ip.com</email>         <attorney-docket-number>1631-1D-12TM</attorney-docket-number>        </new-address>       </correspondence>      </correspondences>     </correspondence-form>     <rpad/>    </trademark-case-file>    <signatures>     <signature action-code="create" version="new">      <esignature-type>DIRECT</esignature-type>      <signature-type>D</signature-type>      <signature-entry-number>1</signature-entry-number>      <signature-name>/seth m reiss/</signature-name>      <signatory-date>20161111</signatory-date>      <signatory-name>Seth M. Reiss</signatory-name>      <signatory-position>Attorney of record, Hawai`i bar member</signatory-position>      <phone>808 521 7080</phone>     </signature>    </signatures>    <fee-types>     <fee-type action-code="create" version="new">      <fee-code>7205|7208</fee-code>      <number-of-classes>1</number-of-classes>      <number-of-classes-paid>1</number-of-classes-paid>      <subtotal-amount>300</subtotal-amount>     </fee-type>     <total-amount>300</total-amount>    </fee-types>    <payment>     <ram-sale-number>3880882</ram-sale-number>     <ram-accounting-date>20161114</ram-accounting-date>     <payment-method>CC</payment-method>    </payment>   </trademark-case-files>   <boilerplates>    <boilerplate>     <boilerplate-type>EMAIL.2</boilerplate-type>     <boilerplate-description>Email Authorization Statement</boilerplate-description>     <boilerplate-text>Applicant authorizes the USPTO to communicate with the applicant at the listed e-mail address.</boilerplate-text>     <boilerplate-text>NOTE: Only one e-mail address may be used for correspondence.</boilerplate-text>    </boilerplate>    <boilerplate>     <boilerplate-type>GOODSSERVICES.815</boilerplate-type>     <boilerplate-description>Sections 8 and 15 Statement</boilerplate-description>     <boilerplate-text/>    </boilerplate>    <boilerplate>     <boilerplate-type>GOODSSERVICES.D815</boilerplate-type>     <boilerplate-description>Sections 8 and 15 Statement</boilerplate-description>     <boilerplate-text/>    </boilerplate>    <boilerplate>     <boilerplate-type>DECLARATION.815</boilerplate-type>     <boilerplate-description>TEAS 815 Declaration</boilerplate-description>     <boilerplate-text>The mark is in use in commerce on or in connection with the goods/services, or to indicate membership in the collective membership organization, identified above, as evidenced by the attached specimen(s) showing the mark as used in commerce. The mark has been in continuous use in commerce for five consecutive years after the date of registration, or the date of publication under 15 U.S.C. &#167; 1062(c), and is still in use in commerce on or in connection with all goods/services, or to indicate membership in the collective membership organization, listed in the existing registration. There has been no final decision adverse to the owner's claim of ownership of such mark for such goods/services, or to indicate membership in the collective membership organization, or to the owner's right to register the same or to keep the same on the register; and there is no proceeding involving said rights pending and not disposed of either in the United States Patent and Trademark Office or in a court.</boilerplate-text>    </boilerplate>    <boilerplate>     <boilerplate-type>SIGNATURE.OTHER</boilerplate-type>     <boilerplate-description>Post Application Signature Statement</boilerplate-description>     <boilerplate-text>The signatory being warned that willful false statements and the like are punishable by fine or imprisonment, or both, under 18 U.S.C. &#167; 1001, and that such willful false statements and the like may jeopardize the validity of this submission, declares that all statements made of his/her own knowledge are true and all statements made on information and belief are believed to be true.</boilerplate-text>    </boilerplate>   </boilerplates>   <filing>    <filing-identifier>20161111201830243265-3880882</filing-identifier>    <xml-create-date>20161111 20:21:51</xml-create-date>    <submit-date>Fri Nov 11 20:23:48 EST 2016</submit-date>    <teas-stamp>USPTO/S08N15-XX.XXX.XXX.XXX-20161111202348292874-3880882-5703976f55154fefef35d098fafa49eb6b5869bc2d8e7a501e9cf83072c0463-CC-15085-20161111201830243265</teas-stamp>    <filing-description>Combined Declaration of Use and Incontestability under Sections 8 &amp; 15</filing-description>    <reply-email>seth.reiss@lex-ip.com</reply-email>   </filing>  </uspto-tm-document>