<?xml version="1.0" encoding="ISO-8859-1"?>
<?xml-stylesheet type="text/xsl" href="../../stylesheets/asu 1.0/asu1.0ticrsimageretrieval1.0.xsl"?>
  <uspto-tm-document document-type="asu" document-subtype="asu" description="Notice of Acceptance of SOU" system-creator="ClearPath" version="1.0" version-date="20020829" copyright="Copyright 1999-2002 United States Patent and Trademark Office"><trademark-postcard><header><notice-type>asu</notice-type><orgname>United States Patent and Trademark Office</orgname><notice-title>Notice of Acceptance of SOU</notice-title><notice-date>20101020</notice-date><last-action-date></last-action-date></header>  <return-address>  <orgname>UNITED STATES PATENT AND TRADEMARK OFFICE</orgname>  <address-1>COMMISSIONER FOR TRADEMARKS</address-1>  <address-2>P.O. BOX 1451</address-2>  <city>ALEXANDRIA</city>  <state>VA</state>  <postcode>22313-1451</postcode>  <country-name>US</country-name>  <email></email>  </return-address>  <correspondence><addressee>   <name>   JAMES E. SHLESINGER   </name>   <orgname>   SHLESINGER, ARKWRIGHT &amp; GARVEY LLP   </orgname>   <address-1>   5845 RICHMOND HWY STE 415   </address-1>   <city>   ALEXANDRIA   </city>   <state>VA </state>   <postcode>22303-1872          </postcode>   <country-name>   UNITED STATES   </country-name>  </addressee></correspondence>  <messages><message><label-name>serialnumber</label-name>    <label-value>77757415</label-value></message>   <message><label-name>marktext</label-name><label-value>   TRAUMA TEAM   </label-value></message>   <message><label-name>ownername</label-name><label-value>   ATLUS U.S.A., INC.   </label-value></message>   <message><label-name>postcarddate</label-name>    <label-value data-type="date">20101020</label-value></message>   <message><label-name>mailingdate</label-name>    <label-value>Oct 20, 2010</label-value></message>  </messages>  </trademark-postcard></uspto-tm-document>    