<?xml version="1.0" encoding="ISO-8859-1"?>
<?xml-stylesheet type="text/xsl" href="../../stylesheets/PST 1.0/pst1.0ticrsimageretrieval1.0.xsl"?>
<uspto-tm-document document-type="PST" document-subtype="PST" description="Publication Status_RUNDATE20100306" system-creator="ClearPath" version="1.0" version-date="20051205"><trademark-applications-daily><version><version-no>2.0</version-no><version-date>20041108</version-date></version><creation-datetime>201003060137</creation-datetime> <application-information><file-segments><file-segment>TRMK</file-segment><action-keys><action-key>TX</action-key><case-file>   <serial-number>77757415</serial-number>   <registration-number>0000000</registration-number>   <transaction-date>03062010</transaction-date>   <case-file-header>    <filing-date>20090611</filing-date>    <status-code>680</status-code>    <status-date>20100305</status-date>    <mark-identification>TRAUMA TEAM</mark-identification>    <mark-drawing-code>4000</mark-drawing-code>    <attorney-docket-number>R6023</attorney-docket-number>    <attorney-name>JAMES E. SHLESINGER</attorney-name>    <principal-register-amended-in>F</principal-register-amended-in>    <supplemental-register-amended-in>F</supplemental-register-amended-in>    <trademark-in>T</trademark-in>    <collective-trademark-in>F</collective-trademark-in>    <service-mark-in>F</service-mark-in>    <collective-service-mark-in>F</collective-service-mark-in>    <collective-membership-mark-in>F</collective-membership-mark-in>    <certification-mark-in>F</certification-mark-in>    <cancellation-pending-in>F</cancellation-pending-in>    <published-concurrent-in>F</published-concurrent-in>    <concurrent-use-in>F</concurrent-use-in>    <concurrent-use-proceeding-in>F</concurrent-use-proceeding-in>    <interference-pending-in>F</interference-pending-in>    <opposition-pending-in>F</opposition-pending-in>    <section-12c-in>F</section-12c-in>    <section-2f-in>F</section-2f-in>    <section-2f-in-part-in>F</section-2f-in-part-in>    <renewal-filed-in>F</renewal-filed-in>    <section-8-filed-in>F</section-8-filed-in>    <section-8-partial-accept-in>F</section-8-partial-accept-in>    <section-8-accepted-in>F</section-8-accepted-in>    <section-15-acknowledged-in>F</section-15-acknowledged-in>    <section-15-filed-in>F</section-15-filed-in>    <supplemental-register-in>F</supplemental-register-in>    <foreign-priority-in>F</foreign-priority-in>    <change-registration-in>F</change-registration-in>    <intent-to-use-in>T</intent-to-use-in>    <intent-to-use-current-in>T</intent-to-use-current-in>    <filed-as-use-application-in>F</filed-as-use-application-in>    <amended-to-use-application-in>F</amended-to-use-application-in>    <use-application-currently-in>F</use-application-currently-in>    <amended-to-itu-application-in>F</amended-to-itu-application-in>    <filing-basis-filed-as-44d-in>F</filing-basis-filed-as-44d-in>    <amended-to-44d-application-in>F</amended-to-44d-application-in>    <filing-basis-current-44d-in>F</filing-basis-current-44d-in>    <filing-basis-filed-as-44e-in>F</filing-basis-filed-as-44e-in>    <filing-basis-current-44e-in>F</filing-basis-current-44e-in>    <amended-to-44e-application-in>F</amended-to-44e-application-in>    <without-basis-currently-in>F</without-basis-currently-in>    <filing-current-no-basis-in>F</filing-current-no-basis-in>    <color-drawing-filed-in>F</color-drawing-filed-in>    <color-drawing-current-in>F</color-drawing-current-in>    <drawing-3d-filed-in>F</drawing-3d-filed-in>    <drawing-3d-current-in>F</drawing-3d-current-in>    <standard-characters-claimed-in>T</standard-characters-claimed-in>    <filing-basis-filed-as-66a-in>F</filing-basis-filed-as-66a-in>    <filing-basis-current-66a-in>F</filing-basis-current-66a-in>    <law-office-assigned-location-code>M60</law-office-assigned-location-code>    <current-location>TMO LAW OFFICE 115 - EXAMINING ATTORNEY ASSIGNED</current-location>    <location-date>20100305</location-date>    <employee-name>HSU, FONG</employee-name>   </case-file-header>   <case-file-statements>    <case-file-statement>     <type-code>GS0091</type-code>     <text>VIDEO AND COMPUTER GAME PROGRAMS, CARTRIDGES AND DISCS AND INSTRUCTION MANUALS SOLD AS A UNIT; PROGRAM-RECORDED SUBSTRATES FEATURING VIDEO GAMES FOR USE WITH TELEVISION VIDEO GAME MACHINES</text>    </case-file-statement>   </case-file-statements>   <case-file-event-statements>    <case-file-event-statement>     <code>CNSA</code>     <type>P</type>     <description-text>APPROVED FOR PUB - PRINCIPAL REGISTER</description-text>     <date>20100305</date>     <number>11</number>    </case-file-event-statement>    <case-file-event-statement>     <code>TEME</code>     <type>I</type>     <description-text>TEAS/EMAIL CORRESPONDENCE ENTERED</description-text>     <date>20100223</date>     <number>10</number>    </case-file-event-statement>    <case-file-event-statement>     <code>CRFA</code>     <type>I</type>     <description-text>CORRESPONDENCE RECEIVED IN LAW OFFICE</description-text>     <date>20100223</date>     <number>9</number>    </case-file-event-statement>    <case-file-event-statement>     <code>ALIE</code>     <type>A</type>     <description-text>ASSIGNED TO LIE</description-text>     <date>20100223</date>     <number>8</number>    </case-file-event-statement>    <case-file-event-statement>     <code>ERSI</code>     <type>I</type>     <description-text>TEAS RESPONSE TO SUSPENSION INQUIRY RECEIVED</description-text>     <date>20100125</date>     <number>7</number>    </case-file-event-statement>    <case-file-event-statement>     <code>TCCA</code>     <type>I</type>     <description-text>TEAS CHANGE OF CORRESPONDENCE RECEIVED</description-text>     <date>20091202</date>     <number>6</number>    </case-file-event-statement>    <case-file-event-statement>     <code>CNSL</code>     <type>F</type>     <description-text>LETTER OF SUSPENSION MAILED</description-text>     <date>20090914</date>     <number>5</number>    </case-file-event-statement>    <case-file-event-statement>     <code>CNSL</code>     <type>R</type>     <description-text>SUSPENSION LETTER  WRITTEN</description-text>     <date>20090914</date>     <number>4</number>    </case-file-event-statement>    <case-file-event-statement>     <code>DOCK</code>     <type>D</type>     <description-text>ASSIGNED TO EXAMINER</description-text>     <date>20090911</date>     <number>3</number>    </case-file-event-statement>    <case-file-event-statement>     <code>NWOS</code>     <type>I</type>     <description-text>NEW APPLICATION OFFICE SUPPLIED DATA ENTERED IN TRAM</description-text>     <date>20090615</date>     <number>2</number>    </case-file-event-statement>    <case-file-event-statement>     <code>NWAP</code>     <type>I</type>     <description-text>NEW APPLICATION ENTERED IN TRAM</description-text>     <date>20090615</date>     <number>1</number>    </case-file-event-statement>   </case-file-event-statements>   <prior-registration-applications>    <other-related-in>F</other-related-in>    <prior-registration-application>     <relationship-type>0</relationship-type>     <number>3311295</number>    </prior-registration-application>   </prior-registration-applications>   <classifications>    <classification>     <international-code-total-no>1</international-code-total-no>     <us-code-total-no>5</us-code-total-no>     <international-code>009</international-code>     <us-code>021</us-code>     <us-code>023</us-code>     <us-code>026</us-code>     <us-code>036</us-code>     <us-code>038</us-code>     <status-code>6</status-code>     <status-date>20090615</status-date>     <first-use-anywhere-date>0</first-use-anywhere-date>     <first-use-in-commerce-date>0</first-use-in-commerce-date>     <primary-code>009</primary-code>    </classification>   </classifications>   <correspondent>    <address-1>JAMES E. SHLESINGER</address-1>    <address-2>SHLESINGER, ARKWRIGHT &amp; GARVEY LLP</address-2>    <address-3>5845 RICHMOND HIGHWAY, SUITE 415</address-3>    <address-4>ALEXANDRIA VA 22303</address-4>   </correspondent>   <case-file-owners>    <case-file-owner>     <entry-number>1</entry-number>     <party-type>10</party-type>     <nationality>      <state>CA</state>     </nationality>     <legal-entity-type-code>03</legal-entity-type-code>     <party-name>ATLUS U.S.A., INC.</party-name>     <address-1>199 TECHNOLOGY DRIVE, SUITE 105</address-1>     <city>IRVINE</city>     <state>CA</state>     <postcode>92618</postcode>    </case-file-owner>   </case-file-owners>  </case-file> </action-keys></file-segments></application-information></trademark-applications-daily></uspto-tm-document>    