<?xml version="1.0" encoding="ISO-8859-1"?><?xml-stylesheet type="text/xsl" href="../../stylesheets/rsi 4.20/rsi4.20ticrsimageretrieval1.0.xsl"?><uspto-tm-document description="Response to Suspension Inquiry or Letter of Suspension" document-type="rsi" system-creator="eteas" version="4.20" version-date="2008-02-23">   <trademark-case-files>    <trademark-case-file>     <case-file-header>      <serial-number>77757415</serial-number>      <marks>       <mark action-code="read" version="reference">        <typed-mark>         <mark-text>TRAUMA TEAM</mark-text>         <file-name height="140" image-type="jpeg" width="336">http://tess2.uspto.gov/ImageAgent/ImageAgentProxy?getImage=77757415</file-name>        </typed-mark>       </mark>      </marks>      <law-office-assigned-location-code>LAW OFFICE 115</law-office-assigned-location-code>      <filing-date>20090611</filing-date>     </case-file-header>     <suspension-inquiry-response-form>      <suspension-inquiry-numbers>       <suspension-inquiry-number>        <proceeding-type-code>PS</proceeding-type-code>        <proceeding-action-number proceeding-number-status-code="A">77713892</proceeding-action-number>       </suspension-inquiry-number>      </suspension-inquiry-numbers>     </suspension-inquiry-response-form>     <rpad/>    </trademark-case-file>    <signatures>     <signature action-code="create" version="new">      <esignature-type>DIRECT</esignature-type>      <signature-type>R</signature-type>      <signature-entry-number>1</signature-entry-number>      <signature-name>/jes/</signature-name>      <signatory-date>20100125</signatory-date>      <signatory-name>James E. Shlesinger</signatory-name>      <signatory-position>Attorney of Record, Virginia Bar Member and Agent</signatory-position>     </signature>    </signatures>   </trademark-case-files>   <boilerplates>    <boilerplate>     <boilerplate-type>RSI.PENDING.2</boilerplate-type>     <boilerplate-description>Abandoned Serial Numbers</boilerplate-description>     <boilerplate-text>The referenced serial number(s) [insert abandoned serial number(s)] has/have now abandoned. The applicant hereby requests removal of this application from suspension for further consideration by the examining attorney.</boilerplate-text>    </boilerplate>    <boilerplate>     <boilerplate-type>AUTHORIZATION</boilerplate-type>     <boilerplate-description>Applicant Authorization</boilerplate-description>     <boilerplate-text>The signatory has confirmed that he/she is an attorney who is a member in good standing of the bar of the highest court of a U.S. state, which includes the District of Columbia, Puerto Rico, and other federal territories and possessions; and he/she is currently the applicant's attorney or an associate thereof; and to the best of his/her knowledge, if prior to his/her appointment another U.S. attorney or a Canadian attorney/agent not currently associated with his/her company/firm previously represented the applicant in this matter: (1) the applicant has filed or is concurrently filing a signed revocation of or substitute power of attorney with the USPTO; (2) the USPTO has granted the request of the prior representative to withdraw; (3) the applicant has filed a power of attorney appointing him/her in this matter; or (4) the applicant's appointed U.S. attorney or Canadian attorney/agent has filed a power of attorney appointing him/her as an associate attorney in this matter.</boilerplate-text>    </boilerplate>   </boilerplates>   <filing>    <filing-identifier>20100125124557871928-77757415</filing-identifier>    <xml-create-date>20100125 12:51:00</xml-create-date>    <submit-date>Mon Jan 25 12:52:21 EST 2010</submit-date>    <teas-stamp>USPTO/RSI-XX.XXX.XXX.XXX-20100125125221667891-77757415-4606233255fca4242b28118874f5c7b496-N/A-N/A-20100125124557871928</teas-stamp>    <filing-description>Response to Suspension Inquiry or Letter of Suspension</filing-description>    <reply-email>jim@sagllp.com;nitasantiago@sagllp.com</reply-email>   </filing>  </uspto-tm-document>