<?xml version="1.0" encoding="ISO-8859-1"?>
<?xml-stylesheet type="text/xsl" href="../../stylesheets/er2 1.3/ER21.3ticrsimageretrieval1.0.xsl"?>
   <!-- ?xml-stylesheet type="text/xsl" href="ER21.1TICRSIMAGERETRIEVAL1.0.xsl"? -->   <uspto-tm-document document-type="er2" document-subtype="er2"    description="Courtesy E-Reminder of Sec. 8/Sec. 9"    system-creator="ClearPath" version="1.3"  version-date="20181025">   <trademark-notice>   <electronic-mail>   <sender-email> TMOfficialNotices@USPTO.GOV </sender-email>   <send-date>Saturday, November 23, 2019    01:12 AM</send-date>   <recipient-email> <![CDATA[   seth.reiss@lex-ip.com   ]]></recipient-email>   <subject-line-text> <![CDATA[   Official USPTO Courtesy Reminder: Trademark Registration Maintenance Documents   Must Be Filed Before Deadline for U.S. Trademark Registration No. 3880882   TRAUMA TEAM   ]]></subject-line-text>   </electronic-mail>   <document-content>   <serial-number>77757415</serial-number>   <registration-number>3880882</registration-number>   <registration-date>November 23, 2010  </registration-date>   <marks>   <mark-text><![CDATA[   TRAUMA TEAM   ]]></mark-text></marks>   <case-file-owner>   <owner-name><![CDATA[   ATLUS CO., LTD.   ]]></owner-name>   </case-file-owner>   <attorney-docket-number><![CDATA[1631-1D-12TM]]></attorney-docket-number>   <notice-status-date>November 23, 2019  </notice-status-date>   <additional-case-data>November 23, 2020  </additional-case-data>   <additional-case-data>May 24, 2021       </additional-case-data>   </document-content>   </trademark-notice>   </uspto-tm-document>     