<?xml version="1.0" encoding="ISO-8859-1"?><?xml-stylesheet type="text/xsl" href="../../stylesheets/coa 2.50/coa2.50ticrsimageretrieval1.0.xsl"?><uspto-tm-document description="Change Of Owner's Address" document-subtype="coa" document-type="coa" system-creator="eteas" version="2.50" version-date="2004-09-15">   <trademark-case-files>    <trademark-case-file>     <case-file-header>      <serial-number>77090832</serial-number>      <registration-number>0</registration-number>      <mark action-code="read" version="original">       <typed-mark standard-character-format="y">        <mark-text>TRAUMA CENTER</mark-text>        <file-name acceptable="n" height="140" image-type="jpeg" width="336">http://tess2.uspto.gov/ImageAgent/ImageAgentProxy?getImage=77090832</file-name>       </typed-mark>      </mark>      <law-office-assigned-location-code>LAW OFFICE 113</law-office-assigned-location-code>      <filing-date>20070125</filing-date>     </case-file-header>     <change-of-owner-address-form>      <case-file-owners>       <case-file-owner action-code="read" version="original">        <owner-role-code>20</owner-role-code>        <owner-role-sequence-number>0</owner-role-sequence-number>        <entry-sequence-number>1</entry-sequence-number>        <legal-entity-type-code>03</legal-entity-type-code>        <name>ATLUS U.S.A., INC.</name>        <street>15255 ALTON PARKWAY, SUITE 100</street>        <internal-address/>        <city>IRVINE</city>        <state>California (CA)</state>        <postal-code>92618</postal-code>        <country-name>United States (USX)</country-name>        <email authorized="n"/>        <phone/>        <fax/>        <citizenship-country-name>US</citizenship-country-name>        <incorporated-in-state-code>CA</incorporated-in-state-code>        <state-organized/>        <general-partner-name/>       </case-file-owner>       <case-file-owner action-code="update" version="correction">        <owner-role-code>20</owner-role-code>        <owner-role-sequence-number>0</owner-role-sequence-number>        <entry-sequence-number>1</entry-sequence-number>        <name>ATLUS U.S.A., INC.</name>        <street>199 TECHNOLOGY DRIVE, SUITE 105</street>        <internal-address/>        <city>IRVINE</city>        <state>California (CA)</state>        <postal-code>92618</postal-code>        <country-name>United States (USX)</country-name>        <phone/>        <fax/>       </case-file-owner>      </case-file-owners>     </change-of-owner-address-form>     <correspondence-form>      <source-form>COA</source-form>      <correspondences>       <correspondence action-code="read" version="original">        <type-code>C</type-code>        <original-address>         <address-line>JAMES E. SHLESINGER</address-line>         <address-line>SHLESINGER, ARKWRIGHT &amp; GARVEY LLP</address-line>         <address-line>1420 KING ST STE 600</address-line>         <address-line>ALEXANDRIA Virginia (VA) 22314-2750</address-line>         <address-line>United States (USX)</address-line>         <address-line>(703) 836-5288</address-line>         <address-line>(703) 684-5600</address-line>        </original-address>       </correspondence>       <correspondence action-code="update" version="new">        <type-code>C</type-code>        <new-address>         <name>JAMES E. SHLESINGER</name>         <firm-name>SHLESINGER, ARKWRIGHT &amp; GARVEY LLP</firm-name>         <street>1420 KING STREET, SUITE 600</street>         <internal-address/>         <city>ALEXANDRIA</city>         <state>Virginia (VA)</state>         <postal-code>22314</postal-code>         <country-name>United States (USX)</country-name>         <phone>(703) 684-5600</phone>         <fax>(703) 836-5288</fax>         <email authorized="n"/>         <other-appointed-attorney>JAMES E. SHLESINGER</other-appointed-attorney>        </new-address>       </correspondence>      </correspondences>     </correspondence-form>    </trademark-case-file>    <signatures>     <signature action-code="create" version="new">      <esignature-type>DIRECT</esignature-type>      <signature-type>D</signature-type>      <signature-entry-number>1</signature-entry-number>      <signature-name>/JES/</signature-name>      <signatory-date>20070810</signatory-date>      <signatory-name>JAMES E. SHLESINGER</signatory-name>      <signatory-position>ATTORNEY AND AGENT FOR APPLICANT</signatory-position>     </signature>    </signatures>   </trademark-case-files>   <filing>    <filing-identifier>20070810091034649932-77090832</filing-identifier>    <xml-create-date>20070810 09:11:57</xml-create-date>    <submit-date>Fri Aug 10 09:13:03 EDT 2007</submit-date>    <teas-stamp>USPTO/COA-XX.XXX.XX.XXX-20070810091303830049-77090832-38043e28a5e44ef207bad8c2ac8bafdb46-N/A-N/A-20070810091034649932</teas-stamp>    <filing-description>Change Of Owner's Address</filing-description>    <reply-email>jim@sagllp.com;nitasantiago@sagllp.com</reply-email>   </filing>  </uspto-tm-document>