<?xml version="1.0" encoding="UTF-8" standalone="yes"?><ns2:TrademarkTransaction xmlns:ns2="http://www.wipo.int/standards/XMLSchema/ST96/Trademark" xmlns:ns1="http://www.wipo.int/standards/XMLSchema/ST96/Common" xmlns:ns3="urn:us:gov:doc:uspto:trademark"><ns2:TrademarkTransactionBody><ns2:TransactionContentBag><ns1:TransactionCategory>National trademark registration</ns1:TransactionCategory><ns2:TransactionData><ns2:TrademarkBag><ns2:Trademark><ns1:RegistrationOfficeCode>US</ns1:RegistrationOfficeCode><ns1:ApplicationNumber><ns1:IPOfficeCode>US</ns1:IPOfficeCode><ns1:ApplicationNumberText>77757415</ns1:ApplicationNumberText></ns1:ApplicationNumber><ns1:RegistrationNumber>3880882</ns1:RegistrationNumber><ns2:ApplicationDate>2009-06-11-04:00</ns2:ApplicationDate><ns1:RegistrationDate>2010-11-23</ns1:RegistrationDate><ns1:FilingPlace>US</ns1:FilingPlace><ns2:MarkCurrentStatusCode>710</ns2:MarkCurrentStatusCode><ns2:MarkCurrentStatusDate>2021-06-25</ns2:MarkCurrentStatusDate><ns2:AssociatedMarkBag><ns2:AssociatedMark><ns2:AssociationCategory>Claimed prior registration</ns2:AssociationCategory><ns2:NationalRegistrationNumber>3311295</ns2:NationalRegistrationNumber></ns2:AssociatedMark></ns2:AssociatedMarkBag><ns2:MarkCategory>Trademark</ns2:MarkCategory><ns2:MarkRepresentation><ns2:MarkReproduction><ns2:WordMarkSpecification><ns2:MarkVerbalElementText>TRAUMA TEAM</ns2:MarkVerbalElementText><ns2:MarkSignificantVerbalElementText>TRAUMA TEAM</ns2:MarkSignificantVerbalElementText><ns2:MarkTranslationText ns1:sequenceNumber="1"/><ns2:MarkTransliteration/><ns2:MarkStandardCharacterIndicator>true</ns2:MarkStandardCharacterIndicator></ns2:WordMarkSpecification><ns2:MarkImageBag><ns2:MarkImage><ns1:FileName>77757415.png</ns1:FileName><ns2:MarkImageColourClaimedText ns1:sequenceNumber="1"/><ns2:MarkImageColourPartClaimedText ns1:sequenceNumber="1"/><ns2:NationalDesignSearchCodeBag/><ns1:ColourIndicator>false</ns1:ColourIndicator></ns2:MarkImage></ns2:MarkImageBag><ns2:MarkSoundBag><ns2:MarkSound/></ns2:MarkSoundBag></ns2:MarkReproduction><ns2:MarkDescriptionBag><ns2:MarkDescriptionText/><ns2:NationalMarkDescription><ns2:MarkFeatureCode>4</ns2:MarkFeatureCode></ns2:NationalMarkDescription></ns2:MarkDescriptionBag></ns2:MarkRepresentation><ns2:MarkDisclaimerBag><ns2:MarkDisclaimerText ns1:sequenceNumber="1"/></ns2:MarkDisclaimerBag><ns2:GoodsServicesBag><ns2:GoodsServices><ns2:GoodsServicesClassificationBag><ns2:GoodsServicesClassification><ns2:ClassificationKindCode>Primary</ns2:ClassificationKindCode><ns2:ClassNumber>009</ns2:ClassNumber></ns2:GoodsServicesClassification><ns2:GoodsServicesClassification><ns2:ClassificationKindCode>Nice</ns2:ClassificationKindCode><ns2:ClassNumber>009</ns2:ClassNumber></ns2:GoodsServicesClassification><ns2:GoodsServicesClassification><ns2:ClassificationKindCode>Domestic</ns2:ClassificationKindCode><ns2:NationalClassNumber>021</ns2:NationalClassNumber></ns2:GoodsServicesClassification><ns2:GoodsServicesClassification><ns2:ClassificationKindCode>Domestic</ns2:ClassificationKindCode><ns2:NationalClassNumber>023</ns2:NationalClassNumber></ns2:GoodsServicesClassification><ns2:GoodsServicesClassification><ns2:ClassificationKindCode>Domestic</ns2:ClassificationKindCode><ns2:NationalClassNumber>026</ns2:NationalClassNumber></ns2:GoodsServicesClassification><ns2:GoodsServicesClassification><ns2:ClassificationKindCode>Domestic</ns2:ClassificationKindCode><ns2:NationalClassNumber>036</ns2:NationalClassNumber></ns2:GoodsServicesClassification><ns2:GoodsServicesClassification><ns2:ClassificationKindCode>Domestic</ns2:ClassificationKindCode><ns2:NationalClassNumber>038</ns2:NationalClassNumber></ns2:GoodsServicesClassification></ns2:GoodsServicesClassificationBag><ns2:NationalFilingBasis><ns2:CurrentBasis><ns2:BasisForeignApplicationIndicator>false</ns2:BasisForeignApplicationIndicator><ns2:BasisForeignRegistrationIndicator>false</ns2:BasisForeignRegistrationIndicator><ns2:BasisUseIndicator>false</ns2:BasisUseIndicator><ns2:BasisIntentToUseIndicator>false</ns2:BasisIntentToUseIndicator><ns2:NoBasisIndicator>false</ns2:NoBasisIndicator></ns2:CurrentBasis><ns2:FirstUsedDate>20100518</ns2:FirstUsedDate><ns2:FirstUsedCommerceDate>20100518</ns2:FirstUsedCommerceDate></ns2:NationalFilingBasis><ns2:ClassDescriptionBag><ns2:ClassDescription><ns2:ClassNumber>009</ns2:ClassNumber><ns2:GoodsServicesDescriptionText ns1:sequenceNumber="1">VIDEO AND COMPUTER GAME PROGRAMS, CARTRIDGES AND DISCS AND INSTRUCTION MANUALS SOLD AS A UNIT; INTERACTIVE GAME PROGRAMS FEATURING VIDEO GAMES FOR USE WITH TELEVISION VIDEO GAME MACHINES</ns2:GoodsServicesDescriptionText></ns2:ClassDescription><ns2:ClassDescription><ns2:NationalStatusBag><ns2:NationalStatus><ns2:NationalStatusCategory>National class status</ns2:NationalStatusCategory><ns2:NationalStatusCode>2</ns2:NationalStatusCode><ns2:NationalStatusExternalDescriptionText>SECTION 8 - CANCELLED</ns2:NationalStatusExternalDescriptionText></ns2:NationalStatus></ns2:NationalStatusBag></ns2:ClassDescription></ns2:ClassDescriptionBag></ns2:GoodsServices></ns2:GoodsServicesBag><ns2:PublicationBag><ns2:Publication><ns1:PublicationIdentifier>USPTO Official Gazette for Trademarks (OG)</ns1:PublicationIdentifier><ns1:PublicationDate>2010-06-01</ns1:PublicationDate></ns2:Publication></ns2:PublicationBag><ns2:ApplicantBag><ns2:Applicant ns1:sequenceNumber="33"><ns1:LegalEntityName>CORPORATION</ns1:LegalEntityName><ns1:NationalLegalEntityCode>3</ns1:NationalLegalEntityCode><ns1:IncorporationCountryCode>JP</ns1:IncorporationCountryCode><ns1:Version><ns1:CommentText ns1:sequenceNumber="1">SUBSEQUENT OWNER AFTER REGISTRATION</ns1:CommentText></ns1:Version><ns1:Contact><ns1:Name><ns1:EntityName>ATLUS CO., LTD.</ns1:EntityName></ns1:Name><ns1:PostalAddressBag><ns1:PostalAddress><ns1:PostalStructuredAddress><ns1:AddressLineText ns1:sequenceNumber="1">1-1-1 NISHI-SHINAGAWA</ns1:AddressLineText><ns1:AddressLineText ns1:sequenceNumber="2">SUMITOMO FUDOSAN OSAKI GARDEN TOWER F24</ns1:AddressLineText><ns1:CityName>SHINAGAWA-KU, TOKYO</ns1:CityName><ns1:CountryCode>JP</ns1:CountryCode><ns1:PostalCode>141-0033</ns1:PostalCode></ns1:PostalStructuredAddress></ns1:PostalAddress></ns1:PostalAddressBag></ns1:Contact></ns2:Applicant><ns2:Applicant ns1:sequenceNumber="32"><ns1:LegalEntityName>CORPORATION</ns1:LegalEntityName><ns1:NationalLegalEntityCode>3</ns1:NationalLegalEntityCode><ns1:IncorporationCountryCode>US</ns1:IncorporationCountryCode><ns1:IncorporationState>CA</ns1:IncorporationState><ns1:CommentText ns1:sequenceNumber="1">SUBSEQUENT OWNER AFTER REGISTRATION</ns1:CommentText><ns1:Contact><ns1:Name><ns1:OrganizationName><ns1:OrganizationStandardName>ATLUS U.S.A., INC.</ns1:OrganizationStandardName></ns1:OrganizationName><ns1:EntityName>ATLUS U.S.A., INC.</ns1:EntityName></ns1:Name><ns1:PostalAddressBag><ns1:PostalAddress><ns1:PostalStructuredAddress><ns1:AddressLineText ns1:sequenceNumber="1">6400 OAK CANYON STE. 100</ns1:AddressLineText><ns1:AddressLineText ns1:sequenceNumber="2"/><ns1:CityName>IRVINE</ns1:CityName><ns1:GeographicRegionName>CALIFORNIA</ns1:GeographicRegionName><ns1:CountryCode>US</ns1:CountryCode><ns1:PostalCode>92618</ns1:PostalCode></ns1:PostalStructuredAddress></ns1:PostalAddress></ns1:PostalAddressBag></ns1:Contact></ns2:Applicant><ns2:Applicant ns1:sequenceNumber="31"><ns1:LegalEntityName>CORPORATION</ns1:LegalEntityName><ns1:NationalLegalEntityCode>3</ns1:NationalLegalEntityCode><ns1:IncorporationCountryCode>US</ns1:IncorporationCountryCode><ns1:IncorporationState>CA</ns1:IncorporationState><ns1:CommentText ns1:sequenceNumber="1">SUBSEQUENT OWNER AFTER REGISTRATION</ns1:CommentText><ns1:Contact><ns1:Name><ns1:OrganizationName><ns1:OrganizationStandardName>INDEX DIGITAL MEDIA, INC.</ns1:OrganizationStandardName></ns1:OrganizationName><ns1:EntityName>INDEX DIGITAL MEDIA, INC.</ns1:EntityName></ns1:Name><ns1:PostalAddressBag><ns1:PostalAddress><ns1:PostalStructuredAddress><ns1:AddressLineText ns1:sequenceNumber="1">6400 OAK CANYON, SUITE 100</ns1:AddressLineText><ns1:AddressLineText ns1:sequenceNumber="2"/><ns1:CityName>IRVINE</ns1:CityName><ns1:GeographicRegionName>CALIFORNIA</ns1:GeographicRegionName><ns1:CountryCode>US</ns1:CountryCode><ns1:PostalCode>92618</ns1:PostalCode></ns1:PostalStructuredAddress></ns1:PostalAddress></ns1:PostalAddressBag></ns1:Contact></ns2:Applicant><ns2:Applicant ns1:sequenceNumber="30"><ns1:LegalEntityName>CORPORATION</ns1:LegalEntityName><ns1:NationalLegalEntityCode>3</ns1:NationalLegalEntityCode><ns1:IncorporationCountryCode>US</ns1:IncorporationCountryCode><ns1:IncorporationState>CA</ns1:IncorporationState><ns1:CommentText ns1:sequenceNumber="1">ORIGINAL REGISTRANT</ns1:CommentText><ns1:Contact><ns1:Name><ns1:OrganizationName><ns1:OrganizationStandardName>ATLUS U.S.A., INC.</ns1:OrganizationStandardName></ns1:OrganizationName><ns1:EntityName>ATLUS U.S.A., INC.</ns1:EntityName></ns1:Name><ns1:PostalAddressBag><ns1:PostalAddress><ns1:PostalStructuredAddress><ns1:AddressLineText ns1:sequenceNumber="1">199 TECHNOLOGY DRIVE, SUITE 105</ns1:AddressLineText><ns1:AddressLineText ns1:sequenceNumber="2"/><ns1:CityName>IRVINE</ns1:CityName><ns1:GeographicRegionName>CALIFORNIA</ns1:GeographicRegionName><ns1:CountryCode>US</ns1:CountryCode><ns1:PostalCode>92618</ns1:PostalCode></ns1:PostalStructuredAddress></ns1:PostalAddress></ns1:PostalAddressBag></ns1:Contact></ns2:Applicant><ns2:Applicant ns1:sequenceNumber="20"><ns1:LegalEntityName>CORPORATION</ns1:LegalEntityName><ns1:NationalLegalEntityCode>3</ns1:NationalLegalEntityCode><ns1:IncorporationCountryCode>US</ns1:IncorporationCountryCode><ns1:IncorporationState>CA</ns1:IncorporationState><ns1:CommentText ns1:sequenceNumber="1">OWNER AT PUBLICATION</ns1:CommentText><ns1:Contact><ns1:Name><ns1:OrganizationName><ns1:OrganizationStandardName>ATLUS U.S.A., INC.</ns1:OrganizationStandardName></ns1:OrganizationName><ns1:EntityName>ATLUS U.S.A., INC.</ns1:EntityName></ns1:Name><ns1:PostalAddressBag><ns1:PostalAddress><ns1:PostalStructuredAddress><ns1:AddressLineText ns1:sequenceNumber="1">199 TECHNOLOGY DRIVE, SUITE 105</ns1:AddressLineText><ns1:AddressLineText ns1:sequenceNumber="2"/><ns1:CityName>IRVINE</ns1:CityName><ns1:GeographicRegionName>CALIFORNIA</ns1:GeographicRegionName><ns1:CountryCode>US</ns1:CountryCode><ns1:PostalCode>92618</ns1:PostalCode></ns1:PostalStructuredAddress></ns1:PostalAddress></ns1:PostalAddressBag></ns1:Contact></ns2:Applicant><ns2:Applicant ns1:sequenceNumber="10"><ns1:LegalEntityName>CORPORATION</ns1:LegalEntityName><ns1:NationalLegalEntityCode>3</ns1:NationalLegalEntityCode><ns1:IncorporationCountryCode>US</ns1:IncorporationCountryCode><ns1:IncorporationState>CA</ns1:IncorporationState><ns1:CommentText ns1:sequenceNumber="1">ORIGINAL APPLICANT</ns1:CommentText><ns1:Contact><ns1:Name><ns1:OrganizationName><ns1:OrganizationStandardName>ATLUS U.S.A., INC.</ns1:OrganizationStandardName></ns1:OrganizationName><ns1:EntityName>ATLUS U.S.A., INC.</ns1:EntityName></ns1:Name><ns1:PostalAddressBag><ns1:PostalAddress><ns1:PostalStructuredAddress><ns1:AddressLineText ns1:sequenceNumber="1">199 TECHNOLOGY DRIVE, SUITE 105</ns1:AddressLineText><ns1:AddressLineText ns1:sequenceNumber="2"/><ns1:CityName>IRVINE</ns1:CityName><ns1:GeographicRegionName>CALIFORNIA</ns1:GeographicRegionName><ns1:CountryCode>US</ns1:CountryCode><ns1:PostalCode>92618</ns1:PostalCode></ns1:PostalStructuredAddress></ns1:PostalAddress></ns1:PostalAddressBag></ns1:Contact></ns2:Applicant></ns2:ApplicantBag><ns2:NationalRepresentative><ns1:Contact><ns1:Name><ns1:PersonName/></ns1:Name><ns1:FaxNumberBag><ns1:FaxNumber/></ns1:FaxNumberBag><ns1:EmailAddressBag/><ns1:PhoneNumberBag><ns1:PhoneNumber/></ns1:PhoneNumberBag></ns1:Contact></ns2:NationalRepresentative><ns2:NationalCorrespondent><ns1:Contact><ns1:Name><ns1:PersonName><ns1:PersonFullName>Seth M Reiss</ns1:PersonFullName></ns1:PersonName><ns1:OrganizationName><ns1:OrganizationStandardName>Seth M Reiss, AAL, ALLLC</ns1:OrganizationStandardName></ns1:OrganizationName></ns1:Name><ns1:PostalAddressBag><ns1:PostalAddress><ns1:PostalStructuredAddress><ns1:AddressLineText ns1:sequenceNumber="1">3770 Lurline Drive</ns1:AddressLineText><ns1:AddressLineText ns1:sequenceNumber="2"/><ns1:CityName>Honolulu</ns1:CityName><ns1:GeographicRegionName>HAWAII</ns1:GeographicRegionName><ns1:CountryCode>US</ns1:CountryCode><ns1:PostalCode>96816</ns1:PostalCode></ns1:PostalStructuredAddress></ns1:PostalAddress></ns1:PostalAddressBag><ns1:FaxNumberBag><ns1:FaxNumber>808 675 5805</ns1:FaxNumber></ns1:FaxNumberBag><ns1:EmailAddressBag><ns1:EmailAddressText ns1:emailAddressPurposeCategory="Main">seth.reiss@lex-ip.com</ns1:EmailAddressText></ns1:EmailAddressBag><ns1:PhoneNumberBag><ns1:PhoneNumber>(808) 521-7080</ns1:PhoneNumber></ns1:PhoneNumberBag></ns1:Contact></ns2:NationalCorrespondent><ns2:RecordAttorney><ns1:Contact><ns1:Name><ns1:PersonName><ns1:PersonFullName>Seth M Reiss</ns1:PersonFullName></ns1:PersonName></ns1:Name></ns1:Contact><ns2:DocketText>1631-1D-12TM</ns2:DocketText><ns1:CommentText ns1:sequenceNumber="1">Attorney of Record</ns1:CommentText></ns2:RecordAttorney><ns1:StaffBag/><ns2:MarkEventBag><ns2:MarkEvent><ns2:MarkEventCategory>National prosecution history entry</ns2:MarkEventCategory><ns2:NationalMarkEvent><ns2:MarkEventCode>CAEXO</ns2:MarkEventCode><ns2:MarkEventDescriptionText>CANCELLED SEC. 8 (10-YR)/EXPIRED SECTION 9</ns2:MarkEventDescriptionText><ns2:MarkEventEntryNumber>42</ns2:MarkEventEntryNumber><ns2:MarkEventAdditionalText>0</ns2:MarkEventAdditionalText></ns2:NationalMarkEvent><ns2:MarkEventDate>2021-06-25</ns2:MarkEventDate></ns2:MarkEvent><ns2:MarkEvent><ns2:MarkEventCategory>National prosecution history entry</ns2:MarkEventCategory><ns2:NationalMarkEvent><ns2:MarkEventCode>REM2E</ns2:MarkEventCode><ns2:MarkEventDescriptionText>COURTESY REMINDER - SEC. 8 (10-YR)/SEC. 9 E-MAILED</ns2:MarkEventDescriptionText><ns2:MarkEventEntryNumber>41</ns2:MarkEventEntryNumber><ns2:MarkEventAdditionalText>0</ns2:MarkEventAdditionalText></ns2:NationalMarkEvent><ns2:MarkEventDate>2019-11-23</ns2:MarkEventDate></ns2:MarkEvent><ns2:MarkEvent><ns2:MarkEventCategory>National prosecution history entry</ns2:MarkEventCategory><ns2:NationalMarkEvent><ns2:MarkEventCode>ASGNI</ns2:MarkEventCode><ns2:MarkEventDescriptionText>AUTOMATIC UPDATE OF ASSIGNMENT OF OWNERSHIP</ns2:MarkEventDescriptionText><ns2:MarkEventEntryNumber>40</ns2:MarkEventEntryNumber><ns2:MarkEventAdditionalText>0</ns2:MarkEventAdditionalText></ns2:NationalMarkEvent><ns2:MarkEventDate>2019-02-27</ns2:MarkEventDate></ns2:MarkEvent><ns2:MarkEvent><ns2:MarkEventCategory>National prosecution history entry</ns2:MarkEventCategory><ns2:NationalMarkEvent><ns2:MarkEventCode>NA85E</ns2:MarkEventCode><ns2:MarkEventDescriptionText>NOTICE OF ACCEPTANCE OF SEC. 8 &amp; 15 - E-MAILED</ns2:MarkEventDescriptionText><ns2:MarkEventEntryNumber>39</ns2:MarkEventEntryNumber><ns2:MarkEventAdditionalText>0</ns2:MarkEventAdditionalText></ns2:NationalMarkEvent><ns2:MarkEventDate>2017-01-21</ns2:MarkEventDate></ns2:MarkEvent><ns2:MarkEvent><ns2:MarkEventCategory>National prosecution history entry</ns2:MarkEventCategory><ns2:NationalMarkEvent><ns2:MarkEventCode>C15AO</ns2:MarkEventCode><ns2:MarkEventDescriptionText>REGISTERED - SEC. 8 (6-YR) ACCEPTED &amp; SEC. 15 ACK.</ns2:MarkEventDescriptionText><ns2:MarkEventEntryNumber>38</ns2:MarkEventEntryNumber><ns2:MarkEventAdditionalText>70131</ns2:MarkEventAdditionalText></ns2:NationalMarkEvent><ns2:MarkEventDate>2017-01-21</ns2:MarkEventDate></ns2:MarkEvent><ns2:MarkEvent><ns2:MarkEventCategory>National prosecution history entry</ns2:MarkEventCategory><ns2:NationalMarkEvent><ns2:MarkEventCode>APREA</ns2:MarkEventCode><ns2:MarkEventDescriptionText>CASE ASSIGNED TO POST REGISTRATION PARALEGAL</ns2:MarkEventDescriptionText><ns2:MarkEventEntryNumber>37</ns2:MarkEventEntryNumber><ns2:MarkEventAdditionalText>70131</ns2:MarkEventAdditionalText></ns2:NationalMarkEvent><ns2:MarkEventDate>2017-01-21</ns2:MarkEventDate></ns2:MarkEvent><ns2:MarkEvent><ns2:MarkEventCategory>National prosecution history entry</ns2:MarkEventCategory><ns2:NationalMarkEvent><ns2:MarkEventCode>E815I</ns2:MarkEventCode><ns2:MarkEventDescriptionText>TEAS SECTION 8 &amp; 15 RECEIVED</ns2:MarkEventDescriptionText><ns2:MarkEventEntryNumber>36</ns2:MarkEventEntryNumber><ns2:MarkEventAdditionalText>0</ns2:MarkEventAdditionalText></ns2:NationalMarkEvent><ns2:MarkEventDate>2016-11-11</ns2:MarkEventDate></ns2:MarkEvent><ns2:MarkEvent><ns2:MarkEventCategory>National prosecution history entry</ns2:MarkEventCategory><ns2:NationalMarkEvent><ns2:MarkEventCode>ASGNI</ns2:MarkEventCode><ns2:MarkEventDescriptionText>AUTOMATIC UPDATE OF ASSIGNMENT OF OWNERSHIP</ns2:MarkEventDescriptionText><ns2:MarkEventEntryNumber>35</ns2:MarkEventEntryNumber><ns2:MarkEventAdditionalText>0</ns2:MarkEventAdditionalText></ns2:NationalMarkEvent><ns2:MarkEventDate>2014-06-04</ns2:MarkEventDate></ns2:MarkEvent><ns2:MarkEvent><ns2:MarkEventCategory>National prosecution history entry</ns2:MarkEventCategory><ns2:NationalMarkEvent><ns2:MarkEventCode>CHANI</ns2:MarkEventCode><ns2:MarkEventDescriptionText>APPLICANT/CORRESPONDENCE CHANGES (NON-RESPONSIVE) ENTERED</ns2:MarkEventDescriptionText><ns2:MarkEventEntryNumber>34</ns2:MarkEventEntryNumber><ns2:MarkEventAdditionalText>88888</ns2:MarkEventAdditionalText></ns2:NationalMarkEvent><ns2:MarkEventDate>2011-06-07</ns2:MarkEventDate></ns2:MarkEvent><ns2:MarkEvent><ns2:MarkEventCategory>National prosecution history entry</ns2:MarkEventCategory><ns2:NationalMarkEvent><ns2:MarkEventCode>COARI</ns2:MarkEventCode><ns2:MarkEventDescriptionText>TEAS CHANGE OF OWNER ADDRESS RECEIVED</ns2:MarkEventDescriptionText><ns2:MarkEventEntryNumber>33</ns2:MarkEventEntryNumber><ns2:MarkEventAdditionalText>0</ns2:MarkEventAdditionalText></ns2:NationalMarkEvent><ns2:MarkEventDate>2011-06-07</ns2:MarkEventDate></ns2:MarkEvent><ns2:MarkEvent><ns2:MarkEventCategory>National prosecution history entry</ns2:MarkEventCategory><ns2:NationalMarkEvent><ns2:MarkEventCode>ASGNI</ns2:MarkEventCode><ns2:MarkEventDescriptionText>AUTOMATIC UPDATE OF ASSIGNMENT OF OWNERSHIP</ns2:MarkEventDescriptionText><ns2:MarkEventEntryNumber>32</ns2:MarkEventEntryNumber><ns2:MarkEventAdditionalText>0</ns2:MarkEventAdditionalText></ns2:NationalMarkEvent><ns2:MarkEventDate>2011-05-18</ns2:MarkEventDate></ns2:MarkEvent><ns2:MarkEvent><ns2:MarkEventCategory>National prosecution history entry</ns2:MarkEventCategory><ns2:NationalMarkEvent><ns2:MarkEventCode>R.PRA</ns2:MarkEventCode><ns2:MarkEventDescriptionText>REGISTERED-PRINCIPAL REGISTER</ns2:MarkEventDescriptionText><ns2:MarkEventEntryNumber>31</ns2:MarkEventEntryNumber><ns2:MarkEventAdditionalText>0</ns2:MarkEventAdditionalText></ns2:NationalMarkEvent><ns2:MarkEventDate>2010-11-23</ns2:MarkEventDate></ns2:MarkEvent><ns2:MarkEvent><ns2:MarkEventCategory>National prosecution history entry</ns2:MarkEventCategory><ns2:NationalMarkEvent><ns2:MarkEventCode>SUNAO</ns2:MarkEventCode><ns2:MarkEventDescriptionText>NOTICE OF ACCEPTANCE OF STATEMENT OF USE MAILED</ns2:MarkEventDescriptionText><ns2:MarkEventEntryNumber>30</ns2:MarkEventEntryNumber><ns2:MarkEventAdditionalText>0</ns2:MarkEventAdditionalText></ns2:NationalMarkEvent><ns2:MarkEventDate>2010-10-20</ns2:MarkEventDate></ns2:MarkEvent><ns2:MarkEvent><ns2:MarkEventCategory>National prosecution history entry</ns2:MarkEventCategory><ns2:NationalMarkEvent><ns2:MarkEventCode>REGVO</ns2:MarkEventCode><ns2:MarkEventDescriptionText>LAW OFFICE REGISTRATION REVIEW COMPLETED</ns2:MarkEventDescriptionText><ns2:MarkEventEntryNumber>29</ns2:MarkEventEntryNumber><ns2:MarkEventAdditionalText>74221</ns2:MarkEventAdditionalText></ns2:NationalMarkEvent><ns2:MarkEventDate>2010-10-19</ns2:MarkEventDate></ns2:MarkEvent><ns2:MarkEvent><ns2:MarkEventCategory>National prosecution history entry</ns2:MarkEventCategory><ns2:NationalMarkEvent><ns2:MarkEventCode>CNPRP</ns2:MarkEventCode><ns2:MarkEventDescriptionText>ALLOWED PRINCIPAL REGISTER - SOU ACCEPTED</ns2:MarkEventDescriptionText><ns2:MarkEventEntryNumber>28</ns2:MarkEventEntryNumber><ns2:MarkEventAdditionalText>0</ns2:MarkEventAdditionalText></ns2:NationalMarkEvent><ns2:MarkEventDate>2010-10-19</ns2:MarkEventDate></ns2:MarkEvent><ns2:MarkEvent><ns2:MarkEventCategory>National prosecution history entry</ns2:MarkEventCategory><ns2:NationalMarkEvent><ns2:MarkEventCode>SUPCI</ns2:MarkEventCode><ns2:MarkEventDescriptionText>STATEMENT OF USE PROCESSING COMPLETE</ns2:MarkEventDescriptionText><ns2:MarkEventEntryNumber>27</ns2:MarkEventEntryNumber><ns2:MarkEventAdditionalText>76985</ns2:MarkEventAdditionalText></ns2:NationalMarkEvent><ns2:MarkEventDate>2010-09-15</ns2:MarkEventDate></ns2:MarkEvent><ns2:MarkEvent><ns2:MarkEventCategory>National prosecution history entry</ns2:MarkEventCategory><ns2:NationalMarkEvent><ns2:MarkEventCode>IUAFS</ns2:MarkEventCode><ns2:MarkEventDescriptionText>USE AMENDMENT FILED</ns2:MarkEventDescriptionText><ns2:MarkEventEntryNumber>26</ns2:MarkEventEntryNumber><ns2:MarkEventAdditionalText>76985</ns2:MarkEventAdditionalText></ns2:NationalMarkEvent><ns2:MarkEventDate>2010-08-18</ns2:MarkEventDate></ns2:MarkEvent><ns2:MarkEvent><ns2:MarkEventCategory>National prosecution history entry</ns2:MarkEventCategory><ns2:NationalMarkEvent><ns2:MarkEventCode>AITUA</ns2:MarkEventCode><ns2:MarkEventDescriptionText>CASE ASSIGNED TO INTENT TO USE PARALEGAL</ns2:MarkEventDescriptionText><ns2:MarkEventEntryNumber>25</ns2:MarkEventEntryNumber><ns2:MarkEventAdditionalText>76985</ns2:MarkEventAdditionalText></ns2:NationalMarkEvent><ns2:MarkEventDate>2010-09-15</ns2:MarkEventDate></ns2:MarkEvent><ns2:MarkEvent><ns2:MarkEventCategory>National prosecution history entry</ns2:MarkEventCategory><ns2:NationalMarkEvent><ns2:MarkEventCode>EISUI</ns2:MarkEventCode><ns2:MarkEventDescriptionText>TEAS STATEMENT OF USE RECEIVED</ns2:MarkEventDescriptionText><ns2:MarkEventEntryNumber>24</ns2:MarkEventEntryNumber><ns2:MarkEventAdditionalText>0</ns2:MarkEventAdditionalText></ns2:NationalMarkEvent><ns2:MarkEventDate>2010-08-18</ns2:MarkEventDate></ns2:MarkEvent><ns2:MarkEvent><ns2:MarkEventCategory>National prosecution history entry</ns2:MarkEventCategory><ns2:NationalMarkEvent><ns2:MarkEventCode>NOAMO</ns2:MarkEventCode><ns2:MarkEventDescriptionText>NOA MAILED - SOU REQUIRED FROM APPLICANT</ns2:MarkEventDescriptionText><ns2:MarkEventEntryNumber>23</ns2:MarkEventEntryNumber><ns2:MarkEventAdditionalText>0</ns2:MarkEventAdditionalText></ns2:NationalMarkEvent><ns2:MarkEventDate>2010-07-27</ns2:MarkEventDate></ns2:MarkEvent><ns2:MarkEvent><ns2:MarkEventCategory>National prosecution history entry</ns2:MarkEventCategory><ns2:NationalMarkEvent><ns2:MarkEventCode>PUBOA</ns2:MarkEventCode><ns2:MarkEventDescriptionText>PUBLISHED FOR OPPOSITION</ns2:MarkEventDescriptionText><ns2:MarkEventEntryNumber>22</ns2:MarkEventEntryNumber><ns2:MarkEventAdditionalText>0</ns2:MarkEventAdditionalText></ns2:NationalMarkEvent><ns2:MarkEventDate>2010-06-01</ns2:MarkEventDate></ns2:MarkEvent><ns2:MarkEvent><ns2:MarkEventCategory>National prosecution history entry</ns2:MarkEventCategory><ns2:NationalMarkEvent><ns2:MarkEventCode>NPUBO</ns2:MarkEventCode><ns2:MarkEventDescriptionText>NOTICE OF PUBLICATION</ns2:MarkEventDescriptionText><ns2:MarkEventEntryNumber>21</ns2:MarkEventEntryNumber><ns2:MarkEventAdditionalText>0</ns2:MarkEventAdditionalText></ns2:NationalMarkEvent><ns2:MarkEventDate>2010-05-12</ns2:MarkEventDate></ns2:MarkEvent><ns2:MarkEvent><ns2:MarkEventCategory>National prosecution history entry</ns2:MarkEventCategory><ns2:NationalMarkEvent><ns2:MarkEventCode>PREVO</ns2:MarkEventCode><ns2:MarkEventDescriptionText>LAW OFFICE PUBLICATION REVIEW COMPLETED</ns2:MarkEventDescriptionText><ns2:MarkEventEntryNumber>20</ns2:MarkEventEntryNumber><ns2:MarkEventAdditionalText>74221</ns2:MarkEventAdditionalText></ns2:NationalMarkEvent><ns2:MarkEventDate>2010-04-23</ns2:MarkEventDate></ns2:MarkEvent><ns2:MarkEvent><ns2:MarkEventCategory>National prosecution history entry</ns2:MarkEventCategory><ns2:NationalMarkEvent><ns2:MarkEventCode>ALIEA</ns2:MarkEventCode><ns2:MarkEventDescriptionText>ASSIGNED TO LIE</ns2:MarkEventDescriptionText><ns2:MarkEventEntryNumber>19</ns2:MarkEventEntryNumber><ns2:MarkEventAdditionalText>74221</ns2:MarkEventAdditionalText></ns2:NationalMarkEvent><ns2:MarkEventDate>2010-04-23</ns2:MarkEventDate></ns2:MarkEvent><ns2:MarkEvent><ns2:MarkEventCategory>National prosecution history entry</ns2:MarkEventCategory><ns2:NationalMarkEvent><ns2:MarkEventCode>CNSAP</ns2:MarkEventCode><ns2:MarkEventDescriptionText>APPROVED FOR PUB - PRINCIPAL REGISTER</ns2:MarkEventDescriptionText><ns2:MarkEventEntryNumber>18</ns2:MarkEventEntryNumber><ns2:MarkEventAdditionalText>0</ns2:MarkEventAdditionalText></ns2:NationalMarkEvent><ns2:MarkEventDate>2010-04-09</ns2:MarkEventDate></ns2:MarkEvent><ns2:MarkEvent><ns2:MarkEventCategory>National prosecution history entry</ns2:MarkEventCategory><ns2:NationalMarkEvent><ns2:MarkEventCode>CNEAO</ns2:MarkEventCode><ns2:MarkEventDescriptionText>EXAMINERS AMENDMENT MAILED</ns2:MarkEventDescriptionText><ns2:MarkEventEntryNumber>17</ns2:MarkEventEntryNumber><ns2:MarkEventAdditionalText>0</ns2:MarkEventAdditionalText></ns2:NationalMarkEvent><ns2:MarkEventDate>2010-04-09</ns2:MarkEventDate></ns2:MarkEvent><ns2:MarkEvent><ns2:MarkEventCategory>National prosecution history entry</ns2:MarkEventCategory><ns2:NationalMarkEvent><ns2:MarkEventCode>XAECI</ns2:MarkEventCode><ns2:MarkEventDescriptionText>EXAMINER'S AMENDMENT ENTERED</ns2:MarkEventDescriptionText><ns2:MarkEventEntryNumber>16</ns2:MarkEventEntryNumber><ns2:MarkEventAdditionalText>88888</ns2:MarkEventAdditionalText></ns2:NationalMarkEvent><ns2:MarkEventDate>2010-04-09</ns2:MarkEventDate></ns2:MarkEvent><ns2:MarkEvent><ns2:MarkEventCategory>National prosecution history entry</ns2:MarkEventCategory><ns2:NationalMarkEvent><ns2:MarkEventCode>CNEAR</ns2:MarkEventCode><ns2:MarkEventDescriptionText>EXAMINERS AMENDMENT -WRITTEN</ns2:MarkEventDescriptionText><ns2:MarkEventEntryNumber>15</ns2:MarkEventEntryNumber><ns2:MarkEventAdditionalText>86336</ns2:MarkEventAdditionalText></ns2:NationalMarkEvent><ns2:MarkEventDate>2010-04-09</ns2:MarkEventDate></ns2:MarkEvent><ns2:MarkEvent><ns2:MarkEventCategory>National prosecution history entry</ns2:MarkEventCategory><ns2:NationalMarkEvent><ns2:MarkEventCode>ZZZXZ</ns2:MarkEventCode><ns2:MarkEventDescriptionText>PREVIOUS ALLOWANCE COUNT WITHDRAWN</ns2:MarkEventDescriptionText><ns2:MarkEventEntryNumber>14</ns2:MarkEventEntryNumber><ns2:MarkEventAdditionalText>0</ns2:MarkEventAdditionalText></ns2:NationalMarkEvent><ns2:MarkEventDate>2010-04-05</ns2:MarkEventDate></ns2:MarkEvent><ns2:MarkEvent><ns2:MarkEventCategory>National prosecution history entry</ns2:MarkEventCategory><ns2:NationalMarkEvent><ns2:MarkEventCode>PBCRZ</ns2:MarkEventCode><ns2:MarkEventDescriptionText>WITHDRAWN FROM PUB - OG REVIEW QUERY</ns2:MarkEventDescriptionText><ns2:MarkEventEntryNumber>13</ns2:MarkEventEntryNumber><ns2:MarkEventAdditionalText>60756</ns2:MarkEventAdditionalText></ns2:NationalMarkEvent><ns2:MarkEventDate>2010-03-19</ns2:MarkEventDate></ns2:MarkEvent><ns2:MarkEvent><ns2:MarkEventCategory>National prosecution history entry</ns2:MarkEventCategory><ns2:NationalMarkEvent><ns2:MarkEventCode>PREVO</ns2:MarkEventCode><ns2:MarkEventDescriptionText>LAW OFFICE PUBLICATION REVIEW COMPLETED</ns2:MarkEventDescriptionText><ns2:MarkEventEntryNumber>12</ns2:MarkEventEntryNumber><ns2:MarkEventAdditionalText>76984</ns2:MarkEventAdditionalText></ns2:NationalMarkEvent><ns2:MarkEventDate>2010-03-10</ns2:MarkEventDate></ns2:MarkEvent><ns2:MarkEvent><ns2:MarkEventCategory>National prosecution history entry</ns2:MarkEventCategory><ns2:NationalMarkEvent><ns2:MarkEventCode>CNSAP</ns2:MarkEventCode><ns2:MarkEventDescriptionText>APPROVED FOR PUB - PRINCIPAL REGISTER</ns2:MarkEventDescriptionText><ns2:MarkEventEntryNumber>11</ns2:MarkEventEntryNumber><ns2:MarkEventAdditionalText>0</ns2:MarkEventAdditionalText></ns2:NationalMarkEvent><ns2:MarkEventDate>2010-03-05</ns2:MarkEventDate></ns2:MarkEvent><ns2:MarkEvent><ns2:MarkEventCategory>National prosecution history entry</ns2:MarkEventCategory><ns2:NationalMarkEvent><ns2:MarkEventCode>TEMEI</ns2:MarkEventCode><ns2:MarkEventDescriptionText>TEAS/EMAIL CORRESPONDENCE ENTERED</ns2:MarkEventDescriptionText><ns2:MarkEventEntryNumber>10</ns2:MarkEventEntryNumber><ns2:MarkEventAdditionalText>76984</ns2:MarkEventAdditionalText></ns2:NationalMarkEvent><ns2:MarkEventDate>2010-02-23</ns2:MarkEventDate></ns2:MarkEvent><ns2:MarkEvent><ns2:MarkEventCategory>National prosecution history entry</ns2:MarkEventCategory><ns2:NationalMarkEvent><ns2:MarkEventCode>CRFAI</ns2:MarkEventCode><ns2:MarkEventDescriptionText>CORRESPONDENCE RECEIVED IN LAW OFFICE</ns2:MarkEventDescriptionText><ns2:MarkEventEntryNumber>9</ns2:MarkEventEntryNumber><ns2:MarkEventAdditionalText>76984</ns2:MarkEventAdditionalText></ns2:NationalMarkEvent><ns2:MarkEventDate>2010-02-23</ns2:MarkEventDate></ns2:MarkEvent><ns2:MarkEvent><ns2:MarkEventCategory>National prosecution history entry</ns2:MarkEventCategory><ns2:NationalMarkEvent><ns2:MarkEventCode>ALIEA</ns2:MarkEventCode><ns2:MarkEventDescriptionText>ASSIGNED TO LIE</ns2:MarkEventDescriptionText><ns2:MarkEventEntryNumber>8</ns2:MarkEventEntryNumber><ns2:MarkEventAdditionalText>76984</ns2:MarkEventAdditionalText></ns2:NationalMarkEvent><ns2:MarkEventDate>2010-02-23</ns2:MarkEventDate></ns2:MarkEvent><ns2:MarkEvent><ns2:MarkEventCategory>National prosecution history entry</ns2:MarkEventCategory><ns2:NationalMarkEvent><ns2:MarkEventCode>ERSII</ns2:MarkEventCode><ns2:MarkEventDescriptionText>TEAS RESPONSE TO SUSPENSION INQUIRY RECEIVED</ns2:MarkEventDescriptionText><ns2:MarkEventEntryNumber>7</ns2:MarkEventEntryNumber><ns2:MarkEventAdditionalText>0</ns2:MarkEventAdditionalText></ns2:NationalMarkEvent><ns2:MarkEventDate>2010-01-25</ns2:MarkEventDate></ns2:MarkEvent><ns2:MarkEvent><ns2:MarkEventCategory>National prosecution history entry</ns2:MarkEventCategory><ns2:NationalMarkEvent><ns2:MarkEventCode>TCCAI</ns2:MarkEventCode><ns2:MarkEventDescriptionText>TEAS CHANGE OF CORRESPONDENCE RECEIVED</ns2:MarkEventDescriptionText><ns2:MarkEventEntryNumber>6</ns2:MarkEventEntryNumber><ns2:MarkEventAdditionalText>0</ns2:MarkEventAdditionalText></ns2:NationalMarkEvent><ns2:MarkEventDate>2009-12-02</ns2:MarkEventDate></ns2:MarkEvent><ns2:MarkEvent><ns2:MarkEventCategory>National prosecution history entry</ns2:MarkEventCategory><ns2:NationalMarkEvent><ns2:MarkEventCode>CNSLF</ns2:MarkEventCode><ns2:MarkEventDescriptionText>LETTER OF SUSPENSION MAILED</ns2:MarkEventDescriptionText><ns2:MarkEventEntryNumber>5</ns2:MarkEventEntryNumber><ns2:MarkEventAdditionalText>0</ns2:MarkEventAdditionalText></ns2:NationalMarkEvent><ns2:MarkEventDate>2009-09-14</ns2:MarkEventDate></ns2:MarkEvent><ns2:MarkEvent><ns2:MarkEventCategory>National prosecution history entry</ns2:MarkEventCategory><ns2:NationalMarkEvent><ns2:MarkEventCode>CNSLR</ns2:MarkEventCode><ns2:MarkEventDescriptionText>SUSPENSION LETTER  WRITTEN</ns2:MarkEventDescriptionText><ns2:MarkEventEntryNumber>4</ns2:MarkEventEntryNumber><ns2:MarkEventAdditionalText>86336</ns2:MarkEventAdditionalText></ns2:NationalMarkEvent><ns2:MarkEventDate>2009-09-14</ns2:MarkEventDate></ns2:MarkEvent><ns2:MarkEvent><ns2:MarkEventCategory>National prosecution history entry</ns2:MarkEventCategory><ns2:NationalMarkEvent><ns2:MarkEventCode>DOCKD</ns2:MarkEventCode><ns2:MarkEventDescriptionText>ASSIGNED TO EXAMINER</ns2:MarkEventDescriptionText><ns2:MarkEventEntryNumber>3</ns2:MarkEventEntryNumber><ns2:MarkEventAdditionalText>86336</ns2:MarkEventAdditionalText></ns2:NationalMarkEvent><ns2:MarkEventDate>2009-09-11</ns2:MarkEventDate></ns2:MarkEvent><ns2:MarkEvent><ns2:MarkEventCategory>National prosecution history entry</ns2:MarkEventCategory><ns2:NationalMarkEvent><ns2:MarkEventCode>NWOSI</ns2:MarkEventCode><ns2:MarkEventDescriptionText>NEW APPLICATION OFFICE SUPPLIED DATA ENTERED</ns2:MarkEventDescriptionText><ns2:MarkEventEntryNumber>2</ns2:MarkEventEntryNumber><ns2:MarkEventAdditionalText>0</ns2:MarkEventAdditionalText></ns2:NationalMarkEvent><ns2:MarkEventDate>2009-06-15</ns2:MarkEventDate></ns2:MarkEvent><ns2:MarkEvent><ns2:MarkEventCategory>National prosecution history entry</ns2:MarkEventCategory><ns2:NationalMarkEvent><ns2:MarkEventCode>NWAPI</ns2:MarkEventCode><ns2:MarkEventDescriptionText>NEW APPLICATION ENTERED</ns2:MarkEventDescriptionText><ns2:MarkEventEntryNumber>1</ns2:MarkEventEntryNumber><ns2:MarkEventAdditionalText>0</ns2:MarkEventAdditionalText></ns2:NationalMarkEvent><ns2:MarkEventDate>2009-06-15</ns2:MarkEventDate></ns2:MarkEvent></ns2:MarkEventBag><ns2:AssignmentBag><ns2:Assignment><ns2:AssignmentIdentifier>45420162</ns2:AssignmentIdentifier><ns2:AssignmentConveyanceCategory>CHANGE OF NAME</ns2:AssignmentConveyanceCategory><ns1:PageTotalQuantity>5</ns1:PageTotalQuantity><ns2:AssignmentReceivedDate>2011-05-13</ns2:AssignmentReceivedDate><ns2:AssignmentMailedDate>2011-05-17</ns2:AssignmentMailedDate><ns2:AssignmentRecordedDate>2011-05-13</ns2:AssignmentRecordedDate><ns2:AssignmentExecutedDate>2011-02-25</ns2:AssignmentExecutedDate><ns2:AssignorBag><ns2:Assignor><ns1:LegalEntityName>CORPORATION</ns1:LegalEntityName><ns1:NationalLegalEntityCode>3</ns1:NationalLegalEntityCode><ns1:IncorporationCountryCode>US</ns1:IncorporationCountryCode><ns1:IncorporationState>CALIFORNIA</ns1:IncorporationState><ns1:Contact><ns1:Name><ns1:EntityName>ATLUS U.S.A., INC.</ns1:EntityName></ns1:Name></ns1:Contact></ns2:Assignor></ns2:AssignorBag><ns2:AssigneeBag><ns2:Assignee><ns1:LegalEntityName>CORPORATION</ns1:LegalEntityName><ns1:NationalLegalEntityCode>3</ns1:NationalLegalEntityCode><ns1:IncorporationCountryCode>US</ns1:IncorporationCountryCode><ns1:IncorporationState>CALIFORNIA</ns1:IncorporationState><ns1:Contact><ns1:Name><ns1:OrganizationName><ns1:OrganizationStandardName>INDEX DIGITAL MEDIA, INC.</ns1:OrganizationStandardName></ns1:OrganizationName><ns1:EntityName>INDEX DIGITAL MEDIA, INC.</ns1:EntityName></ns1:Name><ns1:PostalAddressBag><ns1:PostalAddress><ns1:PostalAddressText ns1:sequenceNumber="1">199 TECHNOLOGY DRIVE, SUITE 105</ns1:PostalAddressText><ns1:PostalAddressText ns1:sequenceNumber="1">IRVINE, CALIFORNIA 92618</ns1:PostalAddressText></ns1:PostalAddress></ns1:PostalAddressBag></ns1:Contact></ns2:Assignee></ns2:AssigneeBag><ns2:Registrant><ns1:Contact><ns1:Name><ns1:EntityName>ATLUS U.S.A., INC.</ns1:EntityName></ns1:Name></ns1:Contact></ns2:Registrant><ns2:NationalRepresentative/><ns2:NationalCorrespondent><ns1:CommentText ns1:sequenceNumber="1">Correspondent</ns1:CommentText><ns1:Contact><ns1:Name><ns1:EntityName>JAMES E. SHLESINGER</ns1:EntityName></ns1:Name><ns1:PostalAddressBag><ns1:PostalAddress><ns1:PostalAddressText ns1:sequenceNumber="1">5845 RICHMOND HIGHWAY, SUITE 415</ns1:PostalAddressText><ns1:PostalAddressText ns1:sequenceNumber="1">ALEXANDRIA, VA 22303</ns1:PostalAddressText></ns1:PostalAddress></ns1:PostalAddressBag></ns1:Contact></ns2:NationalCorrespondent><ns2:AssignmentGroupCategory>Ownership and Name Change</ns2:AssignmentGroupCategory><ns2:AssignmentDocumentBag><ns2:TrademarkDocument><ns2:DocumentCreatedDate>2011-05-13</ns2:DocumentCreatedDate><ns2:TrademarkDocumentDescriptionText>https://assignments.uspto.gov/assignments/assignment-tm-4542-0162.pdf</ns2:TrademarkDocumentDescriptionText><ns1:PageTotalQuantity>5</ns1:PageTotalQuantity><ns1:DocumentIdentifier>https://assignments.uspto.gov/assignments/assignment-tm-4542-0162.pdf</ns1:DocumentIdentifier></ns2:TrademarkDocument></ns2:AssignmentDocumentBag></ns2:Assignment><ns2:Assignment><ns2:AssignmentIdentifier>52860391</ns2:AssignmentIdentifier><ns2:AssignmentConveyanceCategory>ASSIGNS THE ENTIRE INTEREST</ns2:AssignmentConveyanceCategory><ns1:PageTotalQuantity>4</ns1:PageTotalQuantity><ns2:AssignmentReceivedDate>2014-05-23</ns2:AssignmentReceivedDate><ns2:AssignmentMailedDate>2014-05-28</ns2:AssignmentMailedDate><ns2:AssignmentRecordedDate>2014-05-23</ns2:AssignmentRecordedDate><ns2:AssignmentExecutedDate>2014-05-22</ns2:AssignmentExecutedDate><ns2:AssignorBag><ns2:Assignor><ns1:LegalEntityName>CORPORATION</ns1:LegalEntityName><ns1:NationalLegalEntityCode>3</ns1:NationalLegalEntityCode><ns1:IncorporationCountryCode>US</ns1:IncorporationCountryCode><ns1:IncorporationState>CALIFORNIA</ns1:IncorporationState><ns1:Contact><ns1:Name><ns1:EntityName>INDEX DIGITAL MEDIA, INC.</ns1:EntityName></ns1:Name></ns1:Contact></ns2:Assignor></ns2:AssignorBag><ns2:AssigneeBag><ns2:Assignee><ns1:LegalEntityName>CORPORATION</ns1:LegalEntityName><ns1:NationalLegalEntityCode>3</ns1:NationalLegalEntityCode><ns1:IncorporationCountryCode>US</ns1:IncorporationCountryCode><ns1:IncorporationState>CALIFORNIA</ns1:IncorporationState><ns1:Contact><ns1:Name><ns1:OrganizationName><ns1:OrganizationStandardName>ATLUS U.S.A., INC.</ns1:OrganizationStandardName></ns1:OrganizationName><ns1:EntityName>ATLUS U.S.A., INC.</ns1:EntityName></ns1:Name><ns1:PostalAddressBag><ns1:PostalAddress><ns1:PostalAddressText ns1:sequenceNumber="1">6400 OAK CANYON STE. 100</ns1:PostalAddressText><ns1:PostalAddressText ns1:sequenceNumber="1">IRVINE, CALIFORNIA 92618</ns1:PostalAddressText></ns1:PostalAddress></ns1:PostalAddressBag></ns1:Contact></ns2:Assignee></ns2:AssigneeBag><ns2:Registrant><ns1:Contact><ns1:Name><ns1:EntityName>ATLUS U.S.A., INC.</ns1:EntityName></ns1:Name></ns1:Contact></ns2:Registrant><ns2:NationalRepresentative/><ns2:NationalCorrespondent><ns1:CommentText ns1:sequenceNumber="1">Correspondent</ns1:CommentText><ns1:Contact><ns1:Name><ns1:EntityName>SETH M. REISS</ns1:EntityName></ns1:Name><ns1:PostalAddressBag><ns1:PostalAddress><ns1:PostalAddressText ns1:sequenceNumber="1">3770 LURLINE DR.</ns1:PostalAddressText><ns1:PostalAddressText ns1:sequenceNumber="1">HONOLULU, HI 96816</ns1:PostalAddressText></ns1:PostalAddress></ns1:PostalAddressBag></ns1:Contact></ns2:NationalCorrespondent><ns2:AssignmentGroupCategory>Ownership and Name Change</ns2:AssignmentGroupCategory><ns2:AssignmentDocumentBag><ns2:TrademarkDocument><ns2:DocumentCreatedDate>2014-05-23</ns2:DocumentCreatedDate><ns2:TrademarkDocumentDescriptionText>https://assignments.uspto.gov/assignments/assignment-tm-5286-0391.pdf</ns2:TrademarkDocumentDescriptionText><ns1:PageTotalQuantity>4</ns1:PageTotalQuantity><ns1:DocumentIdentifier>https://assignments.uspto.gov/assignments/assignment-tm-5286-0391.pdf</ns1:DocumentIdentifier></ns2:TrademarkDocument></ns2:AssignmentDocumentBag></ns2:Assignment><ns2:Assignment><ns2:AssignmentIdentifier>65650399</ns2:AssignmentIdentifier><ns2:AssignmentConveyanceCategory>ASSIGNS THE ENTIRE INTEREST</ns2:AssignmentConveyanceCategory><ns1:PageTotalQuantity>5</ns1:PageTotalQuantity><ns2:AssignmentReceivedDate>2019-02-15</ns2:AssignmentReceivedDate><ns2:AssignmentMailedDate>2019-02-20</ns2:AssignmentMailedDate><ns2:AssignmentRecordedDate>2019-02-15</ns2:AssignmentRecordedDate><ns2:AssignmentExecutedDate>2019-02-14</ns2:AssignmentExecutedDate><ns2:AssignorBag><ns2:Assignor><ns1:LegalEntityName>CORPORATION</ns1:LegalEntityName><ns1:NationalLegalEntityCode>3</ns1:NationalLegalEntityCode><ns1:IncorporationCountryCode>US</ns1:IncorporationCountryCode><ns1:IncorporationState>CALIFORNIA</ns1:IncorporationState><ns1:Contact><ns1:Name><ns1:EntityName>ATLUS U.S.A., INC.</ns1:EntityName></ns1:Name></ns1:Contact></ns2:Assignor></ns2:AssignorBag><ns2:AssigneeBag><ns2:Assignee><ns1:LegalEntityName>CORPORATION</ns1:LegalEntityName><ns1:NationalLegalEntityCode>3</ns1:NationalLegalEntityCode><ns1:IncorporationCountryCode>JP</ns1:IncorporationCountryCode><ns1:Contact><ns1:Name><ns1:OrganizationName><ns1:OrganizationStandardName>ATLUS CO., LTD.</ns1:OrganizationStandardName></ns1:OrganizationName><ns1:EntityName>ATLUS CO., LTD.</ns1:EntityName></ns1:Name><ns1:PostalAddressBag><ns1:PostalAddress><ns1:PostalAddressText ns1:sequenceNumber="1">1-1-1 NISHI-SHINAGAWA</ns1:PostalAddressText><ns1:PostalAddressText ns1:sequenceNumber="1">SUMITOMO FUDOSAN OSAKI GARDEN TOWER F24</ns1:PostalAddressText><ns1:PostalAddressText ns1:sequenceNumber="1">SHINAGAWA-KU, TOKYO, JAPAN 141-0033</ns1:PostalAddressText></ns1:PostalAddress></ns1:PostalAddressBag></ns1:Contact></ns2:Assignee></ns2:AssigneeBag><ns2:Registrant><ns1:Contact><ns1:Name><ns1:EntityName>ATLUS U.S.A., INC.</ns1:EntityName></ns1:Name></ns1:Contact></ns2:Registrant><ns2:NationalRepresentative/><ns2:NationalCorrespondent><ns1:CommentText ns1:sequenceNumber="1">Correspondent</ns1:CommentText><ns1:Contact><ns1:Name><ns1:EntityName>SETH M. REISS</ns1:EntityName></ns1:Name><ns1:PostalAddressBag><ns1:PostalAddress><ns1:PostalAddressText ns1:sequenceNumber="1">3770 LURLINE DRIVE</ns1:PostalAddressText><ns1:PostalAddressText ns1:sequenceNumber="1">HONOLULU, HI 96816</ns1:PostalAddressText></ns1:PostalAddress></ns1:PostalAddressBag></ns1:Contact></ns2:NationalCorrespondent><ns2:AssignmentGroupCategory>Ownership and Name Change</ns2:AssignmentGroupCategory><ns2:AssignmentDocumentBag><ns2:TrademarkDocument><ns2:DocumentCreatedDate>2019-02-15</ns2:DocumentCreatedDate><ns2:TrademarkDocumentDescriptionText>https://assignments.uspto.gov/assignments/assignment-tm-6565-0399.pdf</ns2:TrademarkDocumentDescriptionText><ns1:PageTotalQuantity>5</ns1:PageTotalQuantity><ns1:DocumentIdentifier>https://assignments.uspto.gov/assignments/assignment-tm-6565-0399.pdf</ns1:DocumentIdentifier></ns2:TrademarkDocument></ns2:AssignmentDocumentBag></ns2:Assignment><ns2:NationalAssignmentTotalQuantity>3</ns2:NationalAssignmentTotalQuantity></ns2:AssignmentBag><ns2:LegalProceedingsBag><ns2:LegalProceedings><ns3:TMAProceedingBag/></ns2:LegalProceedings></ns2:LegalProceedingsBag><ns2:NationalTrademarkInformation><ns2:RegisterCategory>Primary</ns2:RegisterCategory><ns2:RegistrationCancelledDate>2021-06-25</ns2:RegistrationCancelledDate><ns2:AmendedPrincipalRegisterIndicator>false</ns2:AmendedPrincipalRegisterIndicator><ns2:AmendedSupplementalRegisterIndicator>false</ns2:AmendedSupplementalRegisterIndicator><ns2:MarkCurrentStatusExternalDescriptionText>Registration cancelled because registrant did not file an acceptable declaration under Section 8.  To view all documents in this file, click on the Trademark Document Retrieval link at the top of this page.</ns2:MarkCurrentStatusExternalDescriptionText><ns2:PreviouslyRegisteredMarkPublicationIndicator>false</ns2:PreviouslyRegisteredMarkPublicationIndicator><ns2:FiledAsPlusApplicationIndicator>false</ns2:FiledAsPlusApplicationIndicator><ns2:CurrentlyPlusApplicationIndicator>false</ns2:CurrentlyPlusApplicationIndicator><ns2:RegistrationChangeIndicator>false</ns2:RegistrationChangeIndicator><ns2:AllowanceNoticeDate>2010-07-27</ns2:AllowanceNoticeDate><ns2:MaintenanceFilingBag><ns2:MaintenanceFiling><ns2:SectionText>8</ns2:SectionText><ns2:SectionDescriptionText>Affidavit of Continued Use</ns2:SectionDescriptionText><ns2:DecisionStatusCategory>Accepted</ns2:DecisionStatusCategory></ns2:MaintenanceFiling><ns2:MaintenanceFiling><ns2:SectionText>15</ns2:SectionText><ns2:SectionDescriptionText>Affidavit of Incontestability</ns2:SectionDescriptionText><ns2:DecisionStatusCategory>Accepted</ns2:DecisionStatusCategory></ns2:MaintenanceFiling></ns2:MaintenanceFilingBag><ns2:NationalCaseLocation><ns2:LawOfficeAssignedText>LAW OFFICE 129</ns2:LawOfficeAssignedText><ns2:LawOfficeAssignedDescriptionCode>O20</ns2:LawOfficeAssignedDescriptionCode><ns2:CurrentLocationText>TMO LAW OFFICE 129 - EXAMINING ATTORNEY ASSIGNED</ns2:CurrentLocationText><ns2:CurrentLocationCode>O2X</ns2:CurrentLocationCode><ns2:CurrentLocationDate>2017-01-21-05:00</ns2:CurrentLocationDate><ns2:ChargeToLocation>900 - FILE REPOSITORY (FRANCONIA)</ns2:ChargeToLocation><ns2:PhysicalLocation>MADCD</ns2:PhysicalLocation><ns2:PhysicalLocationDate>2009-06-22-04:00</ns2:PhysicalLocationDate></ns2:NationalCaseLocation><ns3:FiledAsReducedFeeApplicationIndicator>false</ns3:FiledAsReducedFeeApplicationIndicator><ns3:CurrentlyReducedFeeApplicationIndicator>false</ns3:CurrentlyReducedFeeApplicationIndicator></ns2:NationalTrademarkInformation><ns2:NationalGoodsServices><ns2:ActiveClassTotalQuantity>1</ns2:ActiveClassTotalQuantity><ns2:NationalClassTotalQuantity>5</ns2:NationalClassTotalQuantity></ns2:NationalGoodsServices><ns2:NationalFilingBasis><ns2:FilingBasis><ns2:BasisForeignApplicationIndicator>false</ns2:BasisForeignApplicationIndicator><ns2:BasisForeignRegistrationIndicator>false</ns2:BasisForeignRegistrationIndicator><ns2:BasisUseIndicator>false</ns2:BasisUseIndicator><ns2:BasisIntentToUseIndicator>true</ns2:BasisIntentToUseIndicator><ns2:NoBasisIndicator>false</ns2:NoBasisIndicator><ns2:BasisInternationalRegistrationIndicator>false</ns2:BasisInternationalRegistrationIndicator></ns2:FilingBasis><ns2:CurrentBasis><ns2:BasisForeignApplicationIndicator>false</ns2:BasisForeignApplicationIndicator><ns2:BasisForeignRegistrationIndicator>false</ns2:BasisForeignRegistrationIndicator><ns2:BasisUseIndicator>true</ns2:BasisUseIndicator><ns2:BasisIntentToUseIndicator>false</ns2:BasisIntentToUseIndicator><ns2:NoBasisIndicator>false</ns2:NoBasisIndicator><ns2:BasisInternationalRegistrationIndicator>false</ns2:BasisInternationalRegistrationIndicator></ns2:CurrentBasis><ns2:AmendedBasis><ns2:BasisForeignApplicationIndicator>false</ns2:BasisForeignApplicationIndicator><ns2:BasisForeignRegistrationIndicator>false</ns2:BasisForeignRegistrationIndicator><ns2:BasisUseIndicator>false</ns2:BasisUseIndicator><ns2:BasisIntentToUseIndicator>false</ns2:BasisIntentToUseIndicator></ns2:AmendedBasis></ns2:NationalFilingBasis></ns2:Trademark></ns2:TrademarkBag></ns2:TransactionData></ns2:TransactionContentBag></ns2:TrademarkTransactionBody></ns2:TrademarkTransaction>