<?xml version="1.0" encoding="ISO-8859-1"?><?xml-stylesheet type="text/xsl" href="../../stylesheets/cca 4.60/cca4.60ticrsimageretrieval1.0.xsl"?><uspto-tm-document description="Change Of Correspondence Address" document-type="cca" system-creator="eteas" version="4.60" version-date="2009-08-01">   <trademark-case-files>     <trademark-case-file>       <case-file-header>         <serial-number>77757415</serial-number>         <registration-number>0</registration-number>         <mark action-code="read" version="original">           <typed-mark standard-character-format="y">             <mark-text>TRAUMA TEAM</mark-text>             <file-name acceptable="n" height="140" image-type="jpeg" width="336">http://tess2.uspto.gov/ImageAgent/ImageAgentProxy?getImage=77757415</file-name>           </typed-mark>         </mark>         <law-office-assigned-location-code>LAW OFFICE 115</law-office-assigned-location-code>         <filing-date>20090611</filing-date>       </case-file-header>       <correspondence-form>         <source-form>CCA</source-form>         <correspondences>           <correspondence action-code="read" version="original">             <type-code>C</type-code>             <original-address>               <address-line>JAMES E. SHLESINGER</address-line>               <address-line>SHLESINGER, ARKWRIGHT &amp; GARVEY LLP</address-line>               <address-line>1420 KING ST STE 600</address-line>               <address-line>ALEXANDRIA Virginia (VA) 22314-2750</address-line>               <address-line>United States (USX)</address-line>               <address-line>703-684-5600</address-line>               <address-line>703-836-5288</address-line>             </original-address>           </correspondence>           <correspondence action-code="update" version="new">             <type-code>C</type-code>             <new-address>               <name>JAMES E. SHLESINGER</name>               <firm-name>SHLESINGER, ARKWRIGHT &amp; GARVEY LLP</firm-name>               <street>5845 RICHMOND HIGHWAY, SUITE 415</street>               <internal-address/>               <city>ALEXANDRIA</city>               <state>Virginia (VA)</state>               <postal-code>22303</postal-code>               <country-name>United States (USX)</country-name>               <email authorized="n"/>               <phone>703-684-5600</phone>               <fax>703-836-5288</fax>               <attorney-docket-number/>               <other-appointed-attorney/>             </new-address>           </correspondence>         </correspondences>       </correspondence-form>     </trademark-case-file>     <signatures>       <signature action-code="create" version="new">         <esignature-type>DIRECT</esignature-type>         <signature-type>D</signature-type>         <signature-entry-number>1</signature-entry-number>         <signature-name>/jes/</signature-name>         <signatory-date>20091202</signatory-date>         <signatory-name>James E. Shlesinger</signatory-name>         <signatory-position>Attorney of Record, Virginia Bar Member and Agent</signatory-position>       </signature>     </signatures>   </trademark-case-files>   <boilerplates>     <boilerplate>       <boilerplate-type>AUTHORIZATION</boilerplate-type>       <boilerplate-description>applicant authorization</boilerplate-description>       <boilerplate-text>The signatory has confirmed that he/she is an attorney who is a member in good standing of the bar of the highest court of a U.S. state, which includes the District of Columbia, Puerto Rico, and other federal territories and possessions; and he/she is currently the applicant's attorney or an associate thereof; and to the best of his/her knowledge, if prior to his/her appointment another U.S. attorney or a Canadian attorney/agent not currently associated with his/her company/firm previously represented the applicant in this matter: (1) the applicant has filed or is concurrently filing a signed revocation of or substitute power of attorney with the USPTO; (2) the USPTO has granted the request of the prior representative to withdraw; (3) the applicant has filed a power of attorney appointing him/her in this matter; or (4) the applicant's appointed U.S. attorney or Canadian attorney/agent has filed a power of attorney appointing him/her as an associate attorney in this matter.</boilerplate-text>     </boilerplate>   </boilerplates>   <filing>     <filing-identifier>20091202115416179666-77757415</filing-identifier>     <xml-create-date>20091202 11:55:42</xml-create-date>     <submit-date>Wed Dec 02 11:56:41 EST 2009</submit-date>     <teas-stamp>USPTO/CCA-XX.XXX.XXX.XXX-20091202115641931075-77757415-4607d64638959d74726d97266756bd6f89-N/A-N/A-20091202115416179666</teas-stamp>     <filing-description>Change Of Correspondence Address</filing-description>     <reply-email>jim@sagllp.com;nitasantiago@sagllp.com</reply-email>   </filing> </uspto-tm-document>