<?xml version = "1.0" encoding = "ISO-8859-1"?>
<?xml-stylesheet type="text/xsl" href="../../stylesheets/xsearch 1.0/xsearch1.0ticrsimageretrieval1.0.xsl"?>
  <uspto-tm-document document-type="xsearch" version="1.0" version-date="2003-11-11"     date-produced ="2003-11-25" file="USPTO Trademark Document">    <general-info>       <user-id>dmiller2</user-id>       <serial-number>77090832</serial-number>    </general-info>    <search-result-list>       <search-result sequence-number="01">        <total-mark>3716</total-mark>        <total-dead-mark>N/A</total-dead-mark>        <total-live-mark-viewed>0</total-live-mark-viewed>        <total-live-image-viewed>0</total-live-image-viewed>        <search-duration>0:03</search-duration>        <search-string>*tr{v:2}m{v}*[bi,ti] not dead[ld]</search-string>       </search-result>       <search-result sequence-number="02">        <total-mark>9401</total-mark>        <total-dead-mark>N/A</total-dead-mark>        <total-live-mark-viewed>0</total-live-mark-viewed>        <total-live-image-viewed>0</total-live-image-viewed>        <search-duration>0:06</search-duration>        <search-string>*{"scz"}{v}nt{v}r*[bi,ti] not dead[ld]</search-string>       </search-result>       <search-result sequence-number="03">        <total-mark>22</total-mark>        <total-dead-mark>0</total-dead-mark>        <total-live-mark-viewed>22</total-live-mark-viewed>        <total-live-image-viewed>11</total-live-image-viewed>        <search-duration>0:01</search-duration>        <search-string>1 and 2</search-string>       </search-result>       <search-result sequence-number="04">        <total-mark>113</total-mark>        <total-dead-mark>0</total-dead-mark>        <total-live-mark-viewed>113</total-live-mark-viewed>        <total-live-image-viewed>73</total-live-image-viewed>        <search-duration>0:03</search-duration>        <search-string>*trauma*[bi,ti] not dead[ld]</search-string>       </search-result>       <search-result sequence-number="05">        <total-mark>7785</total-mark>        <total-dead-mark>N/A</total-dead-mark>        <total-live-mark-viewed>0</total-live-mark-viewed>        <total-live-image-viewed>0</total-live-image-viewed>        <search-duration>0:03</search-duration>        <search-string>*center*[bi,ti] not dead[ld]</search-string>       </search-result>       <search-result sequence-number="06">        <total-mark>6280</total-mark>        <total-dead-mark>N/A</total-dead-mark>        <total-live-mark-viewed>0</total-live-mark-viewed>        <total-live-image-viewed>0</total-live-image-viewed>        <search-duration>0:03</search-duration>        <search-string>5 and "009"[cc]</search-string>       </search-result>       <search-result sequence-number="07">        <total-mark>3584</total-mark>        <total-dead-mark>N/A</total-dead-mark>        <total-live-mark-viewed>0</total-live-mark-viewed>        <total-live-image-viewed>0</total-live-image-viewed>        <search-duration>0:03</search-duration>        <search-string>6 and (a b 200 "009" "035" "042")[ic]</search-string>       </search-result>    </search-result-list>    <session-info>       <begin-timestamp>        <datetime>5/14/2007 2:55:32 PM</datetime>       </begin-timestamp>       <end-timestamp>        <datetime>5/14/2007 3:02:33 PM</datetime>       </end-timestamp>       <total-search-duration>0 minutes 22 seconds</total-search-duration>       <session-duration>7 minutes 1 seconds</session-duration>       <near-limit>1</near-limit>       <adjacent-limit>1</adjacent-limit>    </session-info>  </uspto-tm-document>      