<?xml version="1.0" encoding="ISO-8859-1"?><?xml-stylesheet type="text/xsl" href="../../stylesheets/app 4.50/app4.50ticrsimageretrieval1.0.xsl"?><uspto-tm-document description="Base Application Form" document-type="app" system-creator="eteas" version="4.50" version-date="2008-03-07">   <trademark-case-files>    <trademark-case-file>     <case-file-header>      <serial-number>77757415</serial-number>      <mark action-code="create" version="new">       <typed-mark standard-character-format="y">        <mark-text>TRAUMA TEAM</mark-text>        <file-name acceptable="y" height="250" image-type="jpg" width="600">\\TICRS\EXPORT7\IMAGEOUT7\777\574\77757415\xml1\APP0002.JPG</file-name>        <mark-entered>TRAUMA TEAM</mark-entered>       </typed-mark>      </mark>      <filing-date>20090611</filing-date>     </case-file-header>     <base-application-form>      <goods-services>       <goods-service action-code="create" version="new">        <sequence-number>1</sequence-number>        <class-code>009</class-code>        <description-text>VIDEO AND COMPUTER GAME PROGRAMS, CARTRIDGES AND DISCS AND INSTRUCTION MANUALS SOLD AS A UNIT; PROGRAM-RECORDED SUBSTRATES FEATURING VIDEO GAMES FOR USE WITH TELEVISION VIDEO GAME MACHINES</description-text>        <filing-basis-current-1b-in>Y</filing-basis-current-1b-in>       </goods-service>      </goods-services>      <case-file-statements>       <case-file-statement action-code="create" version="new">        <type-code>PR</type-code>        <text>The applicant claims ownership of U.S. Registration Number(s) 3311295.</text>       </case-file-statement>      </case-file-statements>      <case-file-owners>       <case-file-owner action-code="create" version="new">        <legal-entity-type-code>03</legal-entity-type-code>        <name>ATLUS U.S.A., INC.</name>        <dba-aka-text/>        <street>199 TECHNOLOGY DRIVE, SUITE 105</street>        <internal-address/>        <city>IRVINE</city>        <state>California (CA)</state>        <postal-code>92618</postal-code>        <country-name>United States (USX)</country-name>        <email authorized="n"/>        <phone/>        <fax/>        <incorporated-in-state-code>California (CA)</incorporated-in-state-code>       </case-file-owner>      </case-file-owners>     </base-application-form>     <correspondence-form>      <source-form>app</source-form>      <correspondences>       <correspondence action-code="create" version="new">        <type-code>a</type-code>        <new-address>         <name>JAMES E. SHLESINGER</name>         <firm-name>SHLESINGER, ARKWRIGHT &amp; GARVEY LLP</firm-name>         <street>1420 KING STREET, SUITE 600</street>         <internal-address/>         <city>ALEXANDRIA</city>         <state>Virginia (VA)</state>         <postal-code>22314</postal-code>         <country-name>United States (USX)</country-name>         <phone>703-684-5600</phone>         <fax>703-836-5288</fax>         <email authorized="n"/>         <attorney-docket-number>R6023</attorney-docket-number>         <other-appointed-attorney/>        </new-address>       </correspondence>       <correspondence action-code="create" version="new">        <type-code>c</type-code>        <new-address>         <name>JAMES E. SHLESINGER</name>         <firm-name>SHLESINGER, ARKWRIGHT &amp; GARVEY LLP</firm-name>         <street>1420 KING STREET, SUITE 600</street>         <internal-address/>         <city>ALEXANDRIA</city>         <state>Virginia (VA)</state>         <postal-code>22314</postal-code>         <country-name>United States (USX)</country-name>         <phone>703-684-5600</phone>         <fax>703-836-5288</fax>         <email authorized="n"/>        </new-address>       </correspondence>      </correspondences>     </correspondence-form>    </trademark-case-file>    <signatures>     <signature action-code="create" version="new">      <esignature-type>DIRECT</esignature-type>      <signature-type>D</signature-type>      <signature-entry-number>1</signature-entry-number>      <signature-name>/jes/</signature-name>      <signatory-date>20090611</signatory-date>      <signatory-name>James E. Shlesinger</signatory-name>      <signatory-position>Attorney of Record, Virginia Bar Member and Agent</signatory-position>     </signature>    </signatures>    <fee-types>     <fee-type action-code="create" version="new">      <fee-code>7001</fee-code>      <number-of-classes>1</number-of-classes>      <number-of-classes-paid>1</number-of-classes-paid>      <subtotal-amount>325</subtotal-amount>     </fee-type>     <total-amount>325</total-amount>    </fee-types>    <payment action-code="create" version="new">     <ram-sale-number>1144</ram-sale-number>     <ram-accounting-date>20090612</ram-accounting-date>     <payment-method>DA</payment-method>    </payment>   </trademark-case-files>   <boilerplates>    <boilerplate>     <boilerplate-type>DECLARATION.APP</boilerplate-type>     <boilerplate-description>TEAS Trademark/Service Mark Declaration</boilerplate-description>     <boilerplate-text>Applicant requests registration of the above-identified trademark/service mark in the United States Patent and Trademark Office on the Principal Register established by the Act of July 5, 1946 (15 U.S.C. Section 1051 et seq., as amended).</boilerplate-text>    </boilerplate>    <boilerplate>     <boilerplate-type>MARK</boilerplate-type>     <boilerplate-description>Statement for Mark</boilerplate-description>     <boilerplate-text>The mark is presented in standard character format without claim to any particular font style, size or color.</boilerplate-text>    </boilerplate>    <boilerplate>     <boilerplate-type>GOODSSERVICES.APP.1B</boilerplate-type>     <boilerplate-description>Section 1b Statement</boilerplate-description>     <boilerplate-text>Intent to Use: The applicant has a bona fide intention to use or use through the applicant's related company or licensee the mark in commerce on or in connection with the identified goods and/or services. (15 U.S.C. Section 1051(b)).</boilerplate-text>    </boilerplate>    <boilerplate>     <boilerplate-type>SIGNATURE.APPLICATION</boilerplate-type>     <boilerplate-description>Application Signature Statement</boilerplate-description>     <boilerplate-text>The undersigned, being hereby warned that willful false statements and the like so made are punishable by fine or imprisonment, or both, under 18 U.S.C. Section 1001, and that such willful false statements, and the like, may jeopardize the validity of the application or any resulting registration, declares that he/she is properly authorized to execute this application on behalf of the applicant; he/she believes the applicant to be the owner of the trademark/service mark sought to be registered, or, if the application is being filed under 15 U.S.C. Section 1051(b), he/she believes applicant to be entitled to use such mark in commerce; to the best of his/her knowledge and belief no other person, firm, corporation, or association has the right to use the mark in commerce, either in the identical form thereof or in such near resemblance thereto as to be likely, when used on or in connection with the goods/services of such other person, to cause confusion, or to cause mistake, or to deceive; and that all statements made of his/her own knowledge are true; and that all statements made on information and belief are believed to be true.</boilerplate-text>    </boilerplate>   </boilerplates>   <filing>    <filing-identifier>20090611145110787820-77757415</filing-identifier>    <xml-create-date>20090611 15:00:10</xml-create-date>    <submit-date>Thu Jun 11 15:03:55 EDT 2009</submit-date>    <teas-stamp>USPTO/BAS-XX.XXX.XX.XX-20090611150355673045-77757415-400e394f246f7f819219151a0f2e25a23a7-DA-1144-20090611145110787820</teas-stamp>    <filing-description>Trademark/Service Mark Application, Principal Register</filing-description>    <reply-name>JAMES E. SHLESINGER</reply-name>    <reply-email>jim@sagllp.com;nitasantiago@sagllp.com</reply-email>   </filing>  </uspto-tm-document>