<?xml version="1.0" encoding="ISO-8859-1"?>
<?xml-stylesheet type="text/xsl" href="../../stylesheets/er2 1.1/ER21.1ticrsimageretrieval1.0.xsl"?>
   <!-- ?xml-stylesheet type="text/xsl" href="ER21.1TICRSIMAGERETRIEVAL1.0.xsl"? -->   <uspto-tm-document document-type="er2" document-subtype="er2"    description="Courtesy E-Reminder of Sec. 8/Sec. 9"    system-creator="ClearPath" version="1.1"  version-date="20141010">   <trademark-notice>   <electronic-mail>   <sender-email> TMOfficialNotices@USPTO.GOV </sender-email>   <send-date>Sunday, October 16, 2016       01:11 AM</send-date>   <recipient-email>   seth.reiss@lex-ip.com   </recipient-email>   <subject-line-text> <![CDATA[   Official USPTO Courtesy Reminder of Required Trademark Registration Maintenance Filings   Under Section 8 and 9: U.S. Trademark RN 3311295:   TRAUMA CENTER:   Docket/Reference No. 1631-ID-8TM   ]]></subject-line-text>   </electronic-mail>   <document-content>   <serial-number>77090832</serial-number>   <registration-number>3311295</registration-number>   <registration-date>Oct 16, 2007</registration-date>   <marks>   <mark-text><![CDATA[   TRAUMA CENTER   ]]></mark-text></marks>   <case-file-owner>   <owner-name><![CDATA[   ATLUS U.S.A., INC.   ]]></owner-name>   </case-file-owner>   <notice-status-date>Oct 16, 2016</notice-status-date>   <additional-case-data>Oct 16, 2017</additional-case-data>   <additional-case-data>Apr 16, 2018</additional-case-data>   </document-content>   </trademark-notice>   </uspto-tm-document>     