<?xml version="1.0"?>
<?xml-stylesheet type="text/xsl" href="../../stylesheets/papermail 1.2/papermail1.2ticrsimageretrieval1.0.xsl"?>
  <uspto-tm-document document-type="papermail" document-subtype="EXA" system-creator="TM_FAST_1_2" version="1.2"><recipient-name>ATLUS U.S.A., INC.</recipient-name><recipient-mailing-address>JAMES E. SHLESINGER  SHLESINGER, ARKWRIGHT &amp; GARVEY LLP  5845 RICHMOND HIGHWAY, SUITE 415  ALEXANDRIA VA 22303  </recipient-mailing-address><serial-number>77757415</serial-number><print-date>4/9/2010 1:00:54 PM</print-date><Attachments/><message-text><![CDATA[UNITED STATES PATENT AND TRADEMARK OFFICE        SERIAL NO: 77/757415        MARK: TRAUMA TEAM                   *77757415*           CORRESPONDENT ADDRESS:   JAMES E. SHLESINGER   SHLESINGER, ARKWRIGHT & GARVEY LLP   5845 RICHMOND HIGHWAY, SUITE 415   ALEXANDRIA VA 22303           GENERAL TRADEMARK INFORMATION:  http://www.uspto.gov/main/trademarks.htm              APPLICANT:   ATLUS U.S.A., INC.                  CORRESPONDENT’S REFERENCE/DOCKET NO:   R6023        CORRESPONDENT E-MAIL ADDRESS:                  EXAMINER’S AMENDMENT      ISSUE/MAILING DATE:       AMENDMENT:  In accordance with the authorization granted by JAMES E. SHLESINGER on April 9, 2010, the application has been AMENDED as indicated below.  Please advise the undersigned examining attorney immediately if there is an objection to the amendment.  Otherwise, no response is necessary.  TMEP §707.    The identification of goods is amended to read as follows:      009:  “VIDEO AND COMPUTER GAME PROGRAMS, CARTRIDGES AND DISCS AND INSTRUCTION MANUALS SOLD AS A UNIT; INTERACTIVE GAME PROGRAMS FEATURING VIDEO GAMES FOR USE WITH TELEVISION VIDEO GAME MACHINES.”      See TMEP §§1402.01, 1402.01(e).      If the identification of goods and/or services has been amended, please note that any future amendments must be in accordance with 37 C.F.R. §2.71(a) and TMEP §1402.07(e).        /Fong Hsu/  Law Office 115  Trademark Examining Attorney   Office:  (571) 272-2001        STATUS CHECK: Check the status of the application at least once every six months from the initial filing date using the USPTO Trademark Applications and Registrations Retrieval (TARR) online system at http://tarr.uspto.gov.  When conducting an online status check, print and maintain a copy of the complete TARR screen.  If the status of your application has not changed for more than six months, please contact the assigned examining attorney.          ]]></message-text><message-html><![CDATA[<html xmlns:v="urn:schemas-microsoft-com:vml"  xmlns:o="urn:schemas-microsoft-com:office:office"  xmlns:w="urn:schemas-microsoft-com:office:word"  xmlns:dt="uuid:C2F41010-65B3-11d1-A29F-00AA00C14882"  xmlns="http://www.w3.org/TR/REC-html40">    <head>  <meta http-equiv=Content-Type content="text/html; charset=windows-1252">  <meta name=ProgId content=Word.Document>  <meta name=Generator content="Microsoft Word 11">  <meta name=Originator content="Microsoft Word 11">  <link rel=File-List href="Document25_files/filelist.xml">  <!--[if gte mso 9]><xml>   <o:DocumentProperties>    <o:Author>/Fong Hsu/</o:Author>    <o:Revision>1</o:Revision>    <o:TotalTime>0</o:TotalTime>    <o:Created>2010-04-09T17:00:00Z</o:Created>    <o:Pages>1</o:Pages>    <o:Words>295</o:Words>    <o:Characters>1688</o:Characters>    <o:Company>USPTO</o:Company>    <o:Lines>14</o:Lines>    <o:Paragraphs>3</o:Paragraphs>    <o:CharactersWithSpaces>1980</o:CharactersWithSpaces>    <o:Version>11.8132</o:Version>   </o:DocumentProperties>   <o:CustomDocumentProperties>    <o:ecommPromptSerialNo dt:dt="boolean">1</o:ecommPromptSerialNo>    <o:eCommDocType dt:dt="string">EXA</o:eCommDocType>    <o:RecipName dt:dt="string">ATLUS U.S.A., INC.</o:RecipName>    <o:SerialNo dt:dt="string">77757415</o:SerialNo>    <o:LawOffice dt:dt="string">M60</o:LawOffice>    <o:ExaminerNumber dt:dt="string">86336</o:ExaminerNumber>    <o:RecipMailingAddr dt:dt="string">JAMES E. SHLESINGER&#13;&#10;SHLESINGER, ARKWRIGHT &amp; GARVEY LLP&#13;&#10;5845 RICHMOND HIGHWAY, SUITE 415&#13;&#10;ALEXANDRIA VA 22303&#13;&#10;</o:RecipMailingAddr>    <o:RecipEmail dt:dt="string"></o:RecipEmail>    <o:Mark dt:dt="string">TRAUMA TEAM</o:Mark>    <o:DocketNo dt:dt="string">R6023</o:DocketNo>    <o:CorrespPhone dt:dt="string">703-684-5600</o:CorrespPhone>    <o:FirstAction dt:dt="boolean">0</o:FirstAction>    <o:AssignedLIENumber dt:dt="string">00000</o:AssignedLIENumber>    <o:AssignLIEName dt:dt="string">NO LIE ASSIGNED</o:AssignLIEName>    <o:FilingBasis66A dt:dt="boolean">0</o:FilingBasis66A>    <o:TeasPlusCurrent dt:dt="boolean">0</o:TeasPlusCurrent>    <o:cpQueries dt:dt="string">&lt;querys&gt;&lt;query&gt;&lt;userid&gt;86336&lt;/userid&gt;&lt;serialnumber&gt;77757415&lt;/serialnumber&gt;&lt;number&gt;6328&lt;/number&gt;&lt;arglist&gt;&lt;/arglist&gt;&lt;sent&gt;&lt;/sent&gt;&lt;successful&gt;&lt;/successful&gt;&lt;queryerrors/&gt;&lt;/query&gt;&lt;/querys&gt;</o:cpQueries>    <o:NumberOfAttachments dt:dt="string">0</o:NumberOfAttachments>   </o:CustomDocumentProperties>  </xml><![endif]--><!--[if gte mso 9]><xml>   <w:WordDocument>    <w:View>Normal</w:View>    <w:Zoom>0</w:Zoom>    <w:DontDisplayPageBoundaries/>    <w:PunctuationKerning/>    <w:ValidateAgainstSchemas/>    <w:SaveIfXMLInvalid>false</w:SaveIfXMLInvalid>    <w:IgnoreMixedContent>false</w:IgnoreMixedContent>    <w:AlwaysShowPlaceholderText>false</w:AlwaysShowPlaceholderText>    <w:Compatibility>     <w:BreakWrappedTables/>     <w:SnapToGridInCell/>     <w:WrapTextWithPunct/>     <w:UseAsianBreakRules/>     <w:DontGrowAutofit/>    </w:Compatibility>    <w:BrowserLevel>MicrosoftInternetExplorer4</w:BrowserLevel>   </w:WordDocument>  </xml><![endif]--><!--[if gte mso 9]><xml>   <w:LatentStyles DefLockedState="false" LatentStyleCount="156">   </w:LatentStyles>  </xml><![endif]-->  <style>  <!--   /* Font Definitions */   @font-face   {font-family:"Tms Rmn";   panose-1:2 2 6 3 4 5 5 2 3 4;   mso-font-alt:"Times New Roman";   mso-font-charset:0;   mso-generic-font-family:roman;   mso-font-format:other;   mso-font-pitch:variable;   mso-font-signature:3 0 0 0 1 0;}  @font-face   {font-family:Code39-Digits;   panose-1:0 0 0 0 0 0 0 0 0 0;   mso-font-charset:0;   mso-generic-font-family:auto;   mso-font-pitch:variable;   mso-font-signature:3 0 0 0 1 0;}   /* Style Definitions */   p.MsoNormal, li.MsoNormal, div.MsoNormal   {mso-style-parent:"";   margin:0in;   margin-bottom:.0001pt;   mso-pagination:widow-orphan;   font-size:12.0pt;   font-family:"Times New Roman";   mso-fareast-font-family:"Times New Roman";}  p.MsoHeader, li.MsoHeader, div.MsoHeader   {margin:0in;   margin-bottom:.0001pt;   text-align:justify;   mso-pagination:widow-orphan;   tab-stops:center 3.0in right 6.0in;   font-size:12.0pt;   mso-bidi-font-size:10.0pt;   font-family:"Times New Roman";   mso-fareast-font-family:"Times New Roman";}  p.MsoFooter, li.MsoFooter, div.MsoFooter   {margin:0in;   margin-bottom:.0001pt;   text-align:justify;   mso-pagination:widow-orphan;   tab-stops:center 3.0in right 6.0in;   font-size:12.0pt;   mso-bidi-font-size:10.0pt;   font-family:"Times New Roman";   mso-fareast-font-family:"Times New Roman";}  p.MsoTitle, li.MsoTitle, div.MsoTitle   {margin:0in;   margin-bottom:.0001pt;   text-align:center;   mso-pagination:widow-orphan;   font-size:14.0pt;   mso-bidi-font-size:10.0pt;   font-family:"Times New Roman";   mso-fareast-font-family:"Times New Roman";   font-weight:bold;   mso-bidi-font-weight:normal;}  a:link, span.MsoHyperlink   {color:blue;   text-decoration:underline;   text-underline:single;}  a:visited, span.MsoHyperlinkFollowed   {color:#606420;   text-decoration:underline;   text-underline:single;}   /* Page Definitions */   @page   {mso-footnote-separator:url("Document25_files/header.htm") fs;   mso-footnote-continuation-separator:url("Document25_files/header.htm") fcs;   mso-endnote-separator:url("Document25_files/header.htm") es;   mso-endnote-continuation-separator:url("Document25_files/header.htm") ecs;}  @page Section1   {size:8.5in 11.0in;   margin:1.0in 1.0in .7in .85in;   mso-header-margin:.5in;   mso-footer-margin:.5in;   mso-page-numbers:1;   mso-title-page:yes;   mso-even-header:url("Document25_files/header.htm") eh1;   mso-header:url("Document25_files/header.htm") h1;   mso-even-footer:url("Document25_files/header.htm") ef1;   mso-footer:url("Document25_files/header.htm") f1;   mso-first-header:url("Document25_files/header.htm") fh1;   mso-first-footer:url("Document25_files/header.htm") ff1;   mso-paper-source:1;}  div.Section1   {page:Section1;}  -->  </style>  <!--[if gte mso 10]>  <style>   /* Style Definitions */   table.MsoNormalTable   {mso-style-name:"Table Normal";   mso-tstyle-rowband-size:0;   mso-tstyle-colband-size:0;   mso-style-noshow:yes;   mso-style-parent:"";   mso-padding-alt:0in 5.4pt 0in 5.4pt;   mso-para-margin:0in;   mso-para-margin-bottom:.0001pt;   mso-pagination:widow-orphan;   font-size:10.0pt;   font-family:"Times New Roman";   mso-ansi-language:#0400;   mso-fareast-language:#0400;   mso-bidi-language:#0400;}  </style>  <![endif]-->  </head>    <body lang=EN-US link=blue vlink="#606420" style='tab-interval:.5in'>    <div class=Section1>    <p class=MsoTitle>UNITED STATES PATENT AND TRADEMARK OFFICE<span  style='color:black'><o:p></o:p></span></p>    <p class=MsoNormal><b style='mso-bidi-font-weight:normal'><span  style='font-size:14.0pt;mso-bidi-font-size:12.0pt;color:black'><o:p>&nbsp;</o:p></span></b></p>    <div align=center>    <table class=MsoNormalTable border=1 cellspacing=0 cellpadding=0   style='border-collapse:collapse;mso-table-layout-alt:fixed;border:none;   mso-border-top-alt:solid windowtext .75pt;mso-border-bottom-alt:solid windowtext .75pt;   mso-padding-alt:0in 5.4pt 0in 5.4pt;mso-border-insidev:.75pt solid windowtext'>   <tr style='mso-yfti-irow:0;mso-yfti-firstrow:yes;page-break-inside:avoid'>    <td width=401 valign=top style='width:300.6pt;border:none;padding:0in 5.4pt 0in 5.4pt'>    <p class=MsoNormal><span style='font-size:11.0pt;mso-bidi-font-size:12.0pt'><span    style='mso-spacerun:yes'>    </span><b>SERIAL NO</b>:<span style='mso-tab-count:    1'>          </span><a name=serno>77/757415</a><o:p></o:p></span></p>    <p class=MsoNormal style='mso-border-between:.75pt solid windowtext;    mso-padding-between:0in;padding-top:0in;mso-padding-top-alt:0in'><span    style='font-size:11.0pt;mso-bidi-font-size:12.0pt'><o:p>&nbsp;</o:p></span></p>    <p class=MsoNormal><span style='font-size:11.0pt;mso-bidi-font-size:12.0pt'><span    style='mso-spacerun:yes'>    </span><b>MARK</b>: <a name=mrk>TRAUMA TEAM</a><span    style='mso-tab-count:1'>  </span><o:p></o:p></span></p>    <p class=MsoNormal><span style='font-size:11.0pt;mso-bidi-font-size:12.0pt'><o:p>&nbsp;</o:p></span></p>    </td>    <td width=331 valign=top style='width:3.45in;border:none;padding:0in 5.4pt 0in 5.4pt'>    <p class=MsoNormal><span style='font-size:11.0pt;mso-bidi-font-size:12.0pt'><o:p>&nbsp;</o:p></span></p>    <p class=MsoNormal><span style='font-size:11.0pt;mso-bidi-font-size:12.0pt'><span    style='mso-spacerun:yes'>         </span><o:p></o:p></span></p>    <p class=MsoNormal><a name=barcode><span style='font-size:28.0pt;mso-bidi-font-size:    12.0pt;font-family:Code39-Digits'>*77757415* </span></a><span    style='font-size:28.0pt;mso-bidi-font-size:12.0pt;font-family:Code39-Digits'><o:p></o:p></span></p>    </td>   </tr>   <tr style='mso-yfti-irow:1;page-break-inside:avoid'>    <td width=401 valign=top style='width:300.6pt;border:none;padding:0in 5.4pt 0in 5.4pt'>    <p class=MsoHeader align=left style='text-align:left;tab-stops:.5in'><span    style='font-size:11.0pt;mso-bidi-font-size:10.0pt'><span    style='mso-spacerun:yes'>    </span><b>CORRESPONDENT ADDRESS</b>:<o:p></o:p></span></p>    <p class=MsoNormal style='margin-left:67.5pt'><span style='font-size:11.0pt;    mso-bidi-font-size:12.0pt'><span style='mso-tab-count:1'>  </span><a    name=addr1>JAMES E. SHLESINGER</a><o:p></o:p></span></p>    <p class=MsoNormal style='margin-left:67.5pt'><span style='font-size:11.0pt;    mso-bidi-font-size:12.0pt'><span style='mso-tab-count:1'>  </span><a    name=addr2>SHLESINGER, ARKWRIGHT &amp; GARVEY LLP</a><o:p></o:p></span></p>    <p class=MsoNormal style='margin-left:67.5pt'><span style='font-size:11.0pt;    mso-bidi-font-size:12.0pt'><span style='mso-tab-count:1'>  </span><a    name=addr3>5845 RICHMOND HIGHWAY, SUITE 415</a><o:p></o:p></span></p>    <p class=MsoNormal style='margin-left:67.5pt'><span style='font-size:11.0pt;    mso-bidi-font-size:12.0pt'><span style='mso-tab-count:1'>  </span><a    name=addr4>ALEXANDRIA VA 22303</a><o:p></o:p></span></p>    <p class=MsoNormal style='margin-left:67.5pt;tab-stops:.5in'><span    style='font-size:11.0pt;mso-bidi-font-size:12.0pt'><span style='mso-tab-count:    1'>  </span><a name=addr5></a><o:p></o:p></span></p>    </td>    <td width=331 valign=top style='width:3.45in;border:none;padding:0in 5.4pt 0in 5.4pt'>    <p class=MsoHeader style='tab-stops:.5in'><span    style='mso-spacerun:yes'> </span></p>    <p class=MsoNormal><b style='mso-bidi-font-weight:normal'><o:p>&nbsp;</o:p></b></p>    <p class=MsoNormal><b><span style='font-size:11.0pt;mso-bidi-font-size:12.0pt'>GENERAL    TRADEMARK INFORMATION:</span></b><b style='mso-bidi-font-weight:normal'><o:p></o:p></b></p>    <p class=MsoNormal><b style='mso-bidi-font-weight:normal'><a    href="http://www.uspto.gov/main/trademarks.htm">http://www.uspto.gov/main/trademarks.htm</a></b><span    style='mso-bidi-font-weight:bold'><o:p></o:p></span></p>    <p class=MsoNormal><span style='font-size:9.0pt;mso-bidi-font-size:12.0pt;    mso-bidi-font-weight:bold'><o:p>&nbsp;</o:p></span></p>    <p class=MsoNormal><o:p>&nbsp;</o:p></p>    </td>   </tr>   <tr style='mso-yfti-irow:2;page-break-inside:avoid'>    <td width=401 valign=top style='width:300.6pt;border:none;padding:0in 5.4pt 0in 5.4pt'>    <p class=MsoNormal><span style='font-size:11.0pt;mso-bidi-font-size:12.0pt'><span    style='mso-spacerun:yes'>    </span><b>APPLICANT</b>:<span style='mso-tab-count:    1'>         </span><span style='mso-spacerun:yes'>  </span><a name=appl>ATLUS    U.S.A., INC.</a><span style='mso-tab-count:1'> </span><o:p></o:p></span></p>    <p class=MsoNormal><span style='font-size:11.0pt;mso-bidi-font-size:12.0pt'><o:p>&nbsp;</o:p></span></p>    </td>    <td width=331 valign=top style='width:3.45in;border:none;padding:0in 5.4pt 0in 5.4pt'>    <p class=MsoNormal><span style='font-size:8.0pt;mso-bidi-font-size:12.0pt'><o:p>&nbsp;</o:p></span></p>    <p class=MsoNormal><span style='font-size:8.0pt;mso-bidi-font-size:12.0pt'><o:p>&nbsp;</o:p></span></p>    </td>   </tr>   <tr style='mso-yfti-irow:3;mso-yfti-lastrow:yes;page-break-inside:avoid'>    <td width=401 valign=top style='width:300.6pt;border:none;padding:0in 5.4pt 0in 5.4pt'>    <p class=MsoNormal><span style='font-size:11.0pt;mso-bidi-font-size:12.0pt'><span    style='mso-spacerun:yes'>    </span><b>CORRESPONDENT’S REFERENCE/DOCKET NO</b>:<span    style='mso-spacerun:yes'>   </span><a name=dkt>R6023</a><o:p></o:p></span></p>    <p class=MsoNormal><span style='font-size:11.0pt;mso-bidi-font-size:12.0pt'><o:p>&nbsp;</o:p></span></p>    <p class=MsoNormal><span style='font-size:11.0pt;mso-bidi-font-size:12.0pt'><span    style='mso-spacerun:yes'>    </span><b>CORRESPONDENT E-MAIL ADDRESS</b>:<span    style='mso-spacerun:yes'>  </span><o:p></o:p></span></p>    <p class=MsoNormal style='margin-left:1.05in'><span style='font-size:11.0pt;    mso-bidi-font-size:12.0pt'><span style='mso-spacerun:yes'> </span><a    name=email></a><o:p></o:p></span></p>    </td>    <td width=331 valign=top style='width:3.45in;border:none;padding:0in 5.4pt 0in 5.4pt'>    <p class=MsoNormal style='margin-left:12.6pt;text-indent:-12.6pt'><o:p>&nbsp;</o:p></p>    </td>   </tr>  </table>    </div>    <p class=MsoNormal><b style='mso-bidi-font-weight:normal'><span  style='font-size:11.0pt;mso-bidi-font-size:12.0pt;color:black'><o:p>&nbsp;</o:p></span></b></p>    <p class=MsoNormal><b style='mso-bidi-font-weight:normal'><span  style='font-size:11.0pt;mso-bidi-font-size:12.0pt;color:black'><o:p>&nbsp;</o:p></span></b></p>    <p class=MsoNormal align=center style='text-align:center;mso-outline-level:  1'><b style='mso-bidi-font-weight:normal'><span style='font-size:14.0pt;  mso-bidi-font-size:12.0pt'>EXAMINER’S AMENDMENT</span><o:p></o:p></b></p>    <p class=MsoNormal><span style='font-size:4.0pt;mso-bidi-font-size:12.0pt'><o:p>&nbsp;</o:p></span></p>    <p class=MsoNormal><o:p>&nbsp;</o:p></p>    <p class=MsoNormal><b>ISSUE/MAILING DATE</b>: <a name=tramdate></a></p>    <p class=MsoNormal style='tab-stops:2.7in 3.8in'><a name=iregno></a><b  style='mso-bidi-font-weight:normal'><u><span style='font-family:"Tms Rmn"'><o:p><span   style='text-decoration:none'>&nbsp;</span></o:p></span></u></b></p>    <p class=MsoNormal><span style='color:blue'><o:p>&nbsp;</o:p></span></p>    <p class=MsoNormal style='margin-top:5.0pt;margin-right:0in;margin-bottom:5.0pt;  margin-left:0in;mso-layout-grid-align:none'><b><span style='color:black'>AMENDMENT</span></b><span  style='color:black'>:<span style='mso-spacerun:yes'>  </span>In accordance with  the authorization granted by </span><span style='font-size:11.0pt;mso-bidi-font-size:  12.0pt'>JAMES E. SHLESINGER</span><span style='color:black'> on April 9, 2010,  the application has been AMENDED as indicated below.<span  style='mso-spacerun:yes'>  </span>Please advise the undersigned examining attorney  immediately if there is an objection to the amendment.<span  style='mso-spacerun:yes'>  </span>Otherwise, no response is necessary.<span  style='mso-spacerun:yes'>  </span>TMEP §707.<o:p></o:p></span></p>    <p class=MsoNormal><span style='color:blue'><o:p>&nbsp;</o:p></span></p>    <p class=MsoNormal><a name="fpa_O2_1_04092010_125536PM">The identification of  goods is amended to read as follows:<span style='mso-spacerun:yes'>  </span></a></p>    <p class=MsoNormal><span style='mso-bookmark:fpa_O2_1_04092010_125536PM'><o:p>&nbsp;</o:p></span></p>    <p class=MsoNormal><span style='mso-bookmark:fpa_O2_1_04092010_125536PM'>009:<span  style='mso-spacerun:yes'>  </span>“VIDEO AND COMPUTER GAME PROGRAMS, CARTRIDGES  AND DISCS AND INSTRUCTION MANUALS SOLD AS A UNIT<b style='mso-bidi-font-weight:  normal'><i style='mso-bidi-font-style:normal'>; INTERACTIVE GAME PROGRAMS</i></b>  FEATURING VIDEO GAMES FOR USE WITH TELEVISION VIDEO GAME MACHINES.”<span  style='mso-spacerun:yes'>  </span></span></p>    <p class=MsoNormal><span style='mso-bookmark:fpa_O2_1_04092010_125536PM'><o:p>&nbsp;</o:p></span></p>    <p class=MsoNormal><span style='mso-bookmark:fpa_O2_1_04092010_125536PM'><i  style='mso-bidi-font-style:normal'>See</i> TMEP §§1402.01, 1402.01(e).</span></p>    <span style='mso-bookmark:fpa_O2_1_04092010_125536PM'></span>    <p class=MsoNormal><span style='color:blue'><o:p>&nbsp;</o:p></span></p>    <p class=MsoNormal><span style='color:blue'><o:p>&nbsp;</o:p></span></p>    <p class=MsoNormal><span style='color:black'>If the identification of goods  and/or services has been amended, please note that any future amendments must  be in accordance with 37 C.F.R. §2.71(a) and TMEP §1402.07(e).</span><span  style='color:blue'><o:p></o:p></span></p>    <p class=MsoNormal><o:p>&nbsp;</o:p></p>    <p class=MsoNormal><a name=start></a><o:p>&nbsp;</o:p></p>    <p class=MsoNormal><o:p>&nbsp;</o:p></p>    <p class=MsoNormal style='margin-left:3.0in;page-break-after:avoid;mso-outline-level:  1'><span style='mso-field-code:" USERNAME  \\* MERGEFORMAT "'><span  style='mso-no-proof:yes'>/Fong Hsu/</span></span></p>    <p class=MsoNormal style='margin-left:3.0in;page-break-after:avoid'><!--[if supportFields]><span  style='mso-element:field-begin'></span><span  style='mso-spacerun:yes'> </span>USERADDRESS<span style='mso-spacerun:yes'>   </span>\* MERGEFORMAT <span style='mso-element:field-separator'></span><![endif]--><span  style='mso-no-proof:yes'>Law Office 115<o:p></o:p></span></p>    <p class=MsoNormal style='margin-left:3.0in;page-break-after:avoid'><span  style='mso-no-proof:yes'>Trademark Examining Attorney <o:p></o:p></span></p>    <p class=MsoNormal style='margin-left:3.0in;page-break-after:avoid'><span  style='mso-no-proof:yes'>Office:<span style='mso-spacerun:yes'>  </span>(571) 272-2001<o:p></o:p></span></p>    <p class=MsoNormal style='margin-left:3.0in;page-break-after:avoid'><span  style='mso-no-proof:yes'><o:p>&nbsp;</o:p></span></p>    <p class=MsoNormal style='margin-left:3.0in;page-break-after:avoid'><!--[if supportFields]><span  style='mso-element:field-end'></span><![endif]--><o:p>&nbsp;</o:p></p>    <p class=MsoNormal><span style='color:black'><o:p>&nbsp;</o:p></span></p>    <p class=MsoNormal><b>STATUS CHECK:</b> Check the status of the application at  least once every six months from the initial filing date using the USPTO  Trademark Applications and Registrations Retrieval (TARR) online system at <a  href="http://tarr.uspto.gov/">http://tarr.uspto.gov</a>.<span  style='mso-spacerun:yes'>  </span>When conducting an online status check, print  and maintain a copy of the complete TARR screen.<span  style='mso-spacerun:yes'>  </span>If the status of your application has not  changed for more than six months, <span style='color:black'>please contact the  assigned examining attorney.</span></p>    <p class=MsoNormal style='margin-right:-.5in'><o:p>&nbsp;</o:p></p>    <p class=MsoNormal><o:p>&nbsp;</o:p></p>    <p class=MsoNormal><o:p>&nbsp;</o:p></p>    <p class=MsoNormal><o:p>&nbsp;</o:p></p>    </div>    </body>    </html>  ]]></message-html></uspto-tm-document>    