<?xml version="1.0" encoding="ISO-8859-1"?>
<?xml-stylesheet type="text/xsl" href="../../stylesheets/ECR 1.1/ECR1.1ticrsimageretrieval1.0.xsl"?>
   <!-- ?xml-stylesheet type="text/xsl" href="ECR.xsl"? -->   <uspto-tm-document document-type="ECR" document-subtype="ECR"    description="Notice of Acceptance and Renewal        "    system-creator="ClearPath" version="1.1"  version-date="20170114">   <trademark-notice>   <electronic-mail>   <sender-email> TMOfficialNotices@USPTO.GOV </sender-email>   <send-date>Wednesday, October 11, 2017    11:03 PM</send-date>   <recipient-email>   seth.reiss@lex-ip.com   </recipient-email>   <subject-line-text> <![CDATA[   Official USPTO Notice of Acceptance and Renewal Sections 8 and 9:   U.S. Trademark RN 3311295:   TRAUMA CENTER:   Docket/Reference No. 1631-ID-8TM   ]]></subject-line-text>   </electronic-mail>   <document-content>   <serial-number>77090832</serial-number>   <registration-number>3311295</registration-number>   <registration-date>Oct 16, 2007</registration-date>   <marks>   <mark-text><![CDATA[   TRAUMA CENTER   ]]></mark-text></marks>   <employee-name>                      </employee-name>   <attorney-docket-number><![CDATA[1631-ID-8TM ]]></attorney-docket-number>   <case-file-owner>   <owner-name><![CDATA[   ATLUS U.S.A., INC.   ]]></owner-name>   </case-file-owner>   <goods-services><goods-service>   <class-code><![CDATA[   009   ]]></class-code>   </goods-service></goods-services>   <notice-status>         </notice-status>   <notice-status-date>Oct 11, 2017</notice-status-date>   </document-content>   </trademark-notice>   </uspto-tm-document>     