<?xml version="1.0"?>
<?xml-stylesheet type="text/xsl" href="../../stylesheets/papermail 1.2/papermail1.2ticrsimageretrieval1.0.xsl"?>
  <uspto-tm-document document-type="papermail" document-subtype="SUL" system-creator="TM_FAST_1_2" version="1.2"><recipient-name>ATLUS U.S.A., INC.</recipient-name><recipient-mailing-address>JAMES E. SHLESINGER  SHLESINGER, ARKWRIGHT &amp; GARVEY LLP  1420 KING ST STE 600  ALEXANDRIA, VA 22314-2750  </recipient-mailing-address><serial-number>77757415</serial-number><print-date>9/14/2009 12:58:42 PM</print-date><Attachments><file-name>\\TICRS\EXPORT8\IMAGEOUT8\777\574\77757415\xml2\SUL0002.JPG</file-name><file-name>\\TICRS\EXPORT8\IMAGEOUT8\777\574\77757415\xml2\SUL0003.JPG</file-name></Attachments><message-text><![CDATA[UNITED STATES PATENT AND TRADEMARK OFFICE        SERIAL NO: 77/757415        MARK: TRAUMA TEAM                   *77757415*           CORRESPONDENT ADDRESS:            JAMES E. SHLESINGER             SHLESINGER, ARKWRIGHT & GARVEY LLP             1420 KING ST STE 600            ALEXANDRIA, VA 22314-2750                        GENERAL TRADEMARK INFORMATION:  http://www.uspto.gov/main/trademarks.htm                APPLICANT:   ATLUS U.S.A., INC.                  CORRESPONDENT’S REFERENCE/DOCKET NO:               R6023               CORRESPONDENT E-MAIL ADDRESS:                            NOTICE OF SUSPENSION    ISSUE/MAILING DATE:       SUSPENSION PROCEDURE: This suspension notice serves to suspend action on the application for the reason(s) specified below.  No response is needed.  However, if you wish to respond to this notice, you should use the “Response to Letter of Suspension” form found at http://teasroa.uspto.gov/rsi/rsi.  The Office will conduct periodic status checks to determine if suspension remains appropriate.        Action on this application is suspended pending the disposition of:     - Application Serial No(s). 77713892    Since applicant's effective filing date is subsequent to the effective filing date of the above-identified application(s), the latter, if and when it registers, may be cited against this application in a refusal to register under Section 2(d) of the Trademark Act, 15 U.S.C. §1052(d).  See 37 C.F.R. §2.83; TMEP §§1208 et seq.  A copy of information relevant to this pending application(s) is attached.    Applicant may submit a request to remove the application from suspension to present arguments related to the potential conflict between the relevant application(s) or other arguments related to the ground for suspension.  TMEP §716.03.  Applicant's election not to present arguments during suspension will not affect the applicant's right to present arguments later should a refusal in fact issue.  If a refusal does issue, applicant will be afforded 6 months from the mailing or e-mailing date of the Office action to submit a response.  15 U.S.C. §1062(b); 37 C.F.R. §2.62.    COMMENTS    If applicant has questions about its application or this Office action, please contact the assigned trademark examining attorney at the telephone number below.      /Fong Hsu/  Law Office 115  Trademark Examiner   Office:  (571) 272-2001      STATUS CHECK: Check the status of the application at least once every six months from the initial filing date using the USPTO Trademark Applications and Registrations Retrieval (TARR) online system at http://tarr.uspto.gov.  When conducting an online status check, print and maintain a copy of the complete TARR screen.  If the status of your application has not changed for more than six months, please contact the assigned examining attorney.    ]]></message-text><message-html><![CDATA[<html xmlns:o="urn:schemas-microsoft-com:office:office"  xmlns:w="urn:schemas-microsoft-com:office:word"  xmlns:dt="uuid:C2F41010-65B3-11d1-A29F-00AA00C14882"  xmlns="http://www.w3.org/TR/REC-html40">    <head>  <meta http-equiv=Content-Type content="text/html; charset=windows-1252">  <meta name=ProgId content=Word.Document>  <meta name=Generator content="Microsoft Word 11">  <meta name=Originator content="Microsoft Word 11">  <link rel=File-List href="Document6_files/filelist.xml">  <!--[if gte mso 9]><xml>   <o:DocumentProperties>    <o:Author>/Fong Hsu/</o:Author>    <o:Revision>1</o:Revision>    <o:TotalTime>0</o:TotalTime>    <o:Created>2009-09-14T16:58:00Z</o:Created>    <o:Pages>1</o:Pages>    <o:Words>443</o:Words>    <o:Characters>2531</o:Characters>    <o:Company>USPTO</o:Company>    <o:Lines>21</o:Lines>    <o:Paragraphs>5</o:Paragraphs>    <o:CharactersWithSpaces>2969</o:CharactersWithSpaces>    <o:Version>11.8132</o:Version>   </o:DocumentProperties>   <o:CustomDocumentProperties>    <o:ecommPromptSerialNo dt:dt="boolean">1</o:ecommPromptSerialNo>    <o:eCommDocType dt:dt="string">SUL</o:eCommDocType>    <o:ecommOnNewRunMacroFirst dt:dt="string">ShowSuspOptForm</o:ecommOnNewRunMacroFirst>    <o:RecipName dt:dt="string">ATLUS U.S.A., INC.</o:RecipName>    <o:SerialNo dt:dt="string">77757415</o:SerialNo>    <o:LawOffice dt:dt="string">M60</o:LawOffice>    <o:ExaminerNumber dt:dt="string">86336</o:ExaminerNumber>    <o:RecipMailingAddr dt:dt="string">JAMES E. SHLESINGER&#13;&#10;SHLESINGER, ARKWRIGHT &amp; GARVEY LLP&#13;&#10;1420 KING ST STE 600&#13;&#10;ALEXANDRIA, VA 22314-2750&#13;&#10;</o:RecipMailingAddr>    <o:RecipEmail dt:dt="string"></o:RecipEmail>    <o:Mark dt:dt="string">TRAUMA TEAM</o:Mark>    <o:DocketNo dt:dt="string">R6023</o:DocketNo>    <o:CorrespPhone dt:dt="string">703-684-5600</o:CorrespPhone>    <o:FirstAction dt:dt="boolean">1</o:FirstAction>    <o:AssignedLIENumber dt:dt="string">00000</o:AssignedLIENumber>    <o:AssignLIEName dt:dt="string">NO LIE ASSIGNED</o:AssignLIEName>    <o:FilingBasis66A dt:dt="boolean">0</o:FilingBasis66A>    <o:TeasPlusCurrent dt:dt="boolean">0</o:TeasPlusCurrent>    <o:cpQueries dt:dt="string">&lt;querys&gt;&lt;query&gt;&lt;userid&gt;86336&lt;/userid&gt;&lt;serialnumber&gt;77757415&lt;/serialnumber&gt;&lt;number&gt;6332&lt;/number&gt;&lt;arglist&gt;&lt;/arglist&gt;&lt;sent&gt;&lt;/sent&gt;&lt;successful&gt;&lt;/successful&gt;&lt;queryerrors/&gt;&lt;/query&gt;&lt;/querys&gt;</o:cpQueries>    <o:NumberOfAttachments dt:dt="string">2</o:NumberOfAttachments>    <o:Attachment1 dt:dt="string">77713892P001OF002.JPG</o:Attachment1>    <o:Attachment2 dt:dt="string">77713892P002OF002.JPG</o:Attachment2>   </o:CustomDocumentProperties>  </xml><![endif]--><!--[if gte mso 9]><xml>   <w:WordDocument>    <w:View>Normal</w:View>    <w:Zoom>0</w:Zoom>    <w:DontDisplayPageBoundaries/>    <w:PunctuationKerning/>    <w:ValidateAgainstSchemas/>    <w:SaveIfXMLInvalid>false</w:SaveIfXMLInvalid>    <w:IgnoreMixedContent>false</w:IgnoreMixedContent>    <w:AlwaysShowPlaceholderText>false</w:AlwaysShowPlaceholderText>    <w:Compatibility>     <w:BreakWrappedTables/>     <w:SnapToGridInCell/>     <w:WrapTextWithPunct/>     <w:UseAsianBreakRules/>     <w:DontGrowAutofit/>    </w:Compatibility>    <w:BrowserLevel>MicrosoftInternetExplorer4</w:BrowserLevel>   </w:WordDocument>  </xml><![endif]--><!--[if gte mso 9]><xml>   <w:LatentStyles DefLockedState="false" LatentStyleCount="156">   </w:LatentStyles>  </xml><![endif]-->  <style>  <!--   /* Font Definitions */   @font-face   {font-family:Code39-Digits;   panose-1:0 0 0 0 0 0 0 0 0 0;   mso-font-charset:0;   mso-generic-font-family:auto;   mso-font-pitch:variable;   mso-font-signature:3 0 0 0 1 0;}   /* Style Definitions */   p.MsoNormal, li.MsoNormal, div.MsoNormal   {mso-style-parent:"";   margin:0in;   margin-bottom:.0001pt;   mso-pagination:widow-orphan;   font-size:12.0pt;   font-family:"Times New Roman";   mso-fareast-font-family:"Times New Roman";}  h3   {mso-style-next:Normal;   margin-top:0in;   margin-right:-2.7pt;   margin-bottom:0in;   margin-left:0in;   margin-bottom:.0001pt;   text-align:center;   mso-pagination:widow-orphan;   page-break-after:avoid;   mso-outline-level:3;   font-size:14.0pt;   mso-bidi-font-size:10.0pt;   font-family:"Times New Roman";   mso-bidi-font-weight:normal;}  p.MsoHeader, li.MsoHeader, div.MsoHeader   {margin:0in;   margin-bottom:.0001pt;   text-align:justify;   mso-pagination:widow-orphan;   tab-stops:center 3.0in right 6.0in;   font-size:12.0pt;   mso-bidi-font-size:10.0pt;   font-family:"Times New Roman";   mso-fareast-font-family:"Times New Roman";}  p.MsoFooter, li.MsoFooter, div.MsoFooter   {margin:0in;   margin-bottom:.0001pt;   text-align:justify;   mso-pagination:widow-orphan;   tab-stops:center 3.0in right 6.0in;   font-size:12.0pt;   mso-bidi-font-size:10.0pt;   font-family:"Times New Roman";   mso-fareast-font-family:"Times New Roman";}  p.MsoTitle, li.MsoTitle, div.MsoTitle   {margin:0in;   margin-bottom:.0001pt;   text-align:center;   mso-pagination:widow-orphan;   font-size:14.0pt;   mso-bidi-font-size:10.0pt;   font-family:"Times New Roman";   mso-fareast-font-family:"Times New Roman";   font-weight:bold;   mso-bidi-font-weight:normal;}  a:link, span.MsoHyperlink   {color:blue;   text-decoration:underline;   text-underline:single;}  a:visited, span.MsoHyperlinkFollowed   {color:#606420;   text-decoration:underline;   text-underline:single;}   /* Page Definitions */   @page   {mso-footnote-separator:url("Document6_files/header.htm") fs;   mso-footnote-continuation-separator:url("Document6_files/header.htm") fcs;   mso-endnote-separator:url("Document6_files/header.htm") es;   mso-endnote-continuation-separator:url("Document6_files/header.htm") ecs;}  @page Section1   {size:8.5in 11.0in;   margin:1.0in 1.0in .7in .85in;   mso-header-margin:.5in;   mso-footer-margin:.5in;   mso-page-numbers:1;   mso-title-page:yes;   mso-even-header:url("Document6_files/header.htm") eh1;   mso-header:url("Document6_files/header.htm") h1;   mso-even-footer:url("Document6_files/header.htm") ef1;   mso-footer:url("Document6_files/header.htm") f1;   mso-first-header:url("Document6_files/header.htm") fh1;   mso-first-footer:url("Document6_files/header.htm") ff1;   mso-paper-source:1;}  div.Section1   {page:Section1;}  -->  </style>  <!--[if gte mso 10]>  <style>   /* Style Definitions */   table.MsoNormalTable   {mso-style-name:"Table Normal";   mso-tstyle-rowband-size:0;   mso-tstyle-colband-size:0;   mso-style-noshow:yes;   mso-style-parent:"";   mso-padding-alt:0in 5.4pt 0in 5.4pt;   mso-para-margin:0in;   mso-para-margin-bottom:.0001pt;   mso-pagination:widow-orphan;   font-size:10.0pt;   font-family:"Times New Roman";   mso-ansi-language:#0400;   mso-fareast-language:#0400;   mso-bidi-language:#0400;}  </style>  <![endif]-->  </head>    <body lang=EN-US link=blue vlink="#606420" style='tab-interval:.5in'>    <div class=Section1>    <p class=MsoTitle>UNITED STATES PATENT AND TRADEMARK OFFICE<span  style='color:black'><o:p></o:p></span></p>    <p class=MsoNormal><b style='mso-bidi-font-weight:normal'><span  style='font-size:14.0pt;mso-bidi-font-size:12.0pt;color:black'><o:p>&nbsp;</o:p></span></b></p>    <div align=center>    <table class=MsoNormalTable border=1 cellspacing=0 cellpadding=0   style='border-collapse:collapse;mso-table-layout-alt:fixed;border:none;   mso-border-top-alt:solid windowtext .75pt;mso-border-bottom-alt:solid windowtext .75pt;   mso-padding-alt:0in 5.4pt 0in 5.4pt;mso-border-insidev:.75pt solid windowtext'>   <tr style='mso-yfti-irow:0;mso-yfti-firstrow:yes;page-break-inside:avoid'>    <td width=401 valign=top style='width:300.6pt;border:none;padding:0in 5.4pt 0in 5.4pt'>    <p class=MsoNormal><span style='font-size:11.0pt;mso-bidi-font-size:12.0pt'><span    style='mso-spacerun:yes'>    </span><b>SERIAL NO</b>:<span style='mso-tab-count:    1'>          </span><a name=serno>77/757415</a><o:p></o:p></span></p>    <p class=MsoNormal style='mso-border-between:.75pt solid windowtext;    mso-padding-between:0in;padding-top:0in;mso-padding-top-alt:0in'><span    style='font-size:11.0pt;mso-bidi-font-size:12.0pt'><o:p>&nbsp;</o:p></span></p>    <p class=MsoNormal><span style='font-size:11.0pt;mso-bidi-font-size:12.0pt'><span    style='mso-spacerun:yes'>    </span><b>MARK</b>: <a name=mrk>TRAUMA TEAM</a><span    style='mso-tab-count:1'>  </span><o:p></o:p></span></p>    <p class=MsoNormal><span style='font-size:11.0pt;mso-bidi-font-size:12.0pt'><o:p>&nbsp;</o:p></span></p>    </td>    <td width=331 valign=top style='width:3.45in;border:none;padding:0in 5.4pt 0in 5.4pt'>    <p class=MsoNormal><span style='font-size:11.0pt;mso-bidi-font-size:12.0pt'><o:p>&nbsp;</o:p></span></p>    <p class=MsoNormal><span style='font-size:11.0pt;mso-bidi-font-size:12.0pt'><span    style='mso-spacerun:yes'>         </span><o:p></o:p></span></p>    <p class=MsoNormal><a name=barcode><span style='font-size:28.0pt;mso-bidi-font-size:    12.0pt;font-family:Code39-Digits'>*77757415* </span></a><span    style='font-size:28.0pt;mso-bidi-font-size:12.0pt;font-family:Code39-Digits'><o:p></o:p></span></p>    </td>   </tr>   <tr style='mso-yfti-irow:1;page-break-inside:avoid'>    <td width=401 valign=top style='width:300.6pt;border:none;padding:0in 5.4pt 0in 5.4pt'>    <p class=MsoHeader align=left style='text-align:left;tab-stops:.5in'><span    style='font-size:11.0pt;mso-bidi-font-size:10.0pt'><span    style='mso-spacerun:yes'>    </span><b>CORRESPONDENT ADDRESS</b>:<o:p></o:p></span></p>    <p class=MsoNormal><span style='font-size:11.0pt;mso-bidi-font-size:12.0pt'><span    style='mso-spacerun:yes'>          </span><a name=addr1>JAMES E. SHLESINGER</a><span    style='mso-tab-count:1'>          </span><o:p></o:p></span></p>    <p class=MsoNormal><span style='font-size:11.0pt;mso-bidi-font-size:12.0pt'><span    style='mso-spacerun:yes'>          </span><a name=addr2>SHLESINGER, ARKWRIGHT    &amp; GARVEY LLP</a><span style='mso-tab-count:1'>          </span><o:p></o:p></span></p>    <p class=MsoNormal><span style='font-size:11.0pt;mso-bidi-font-size:12.0pt'><span    style='mso-spacerun:yes'>          </span><a name=addr3>1420 KING ST STE 600</a><o:p></o:p></span></p>    <p class=MsoNormal><span style='font-size:11.0pt;mso-bidi-font-size:12.0pt'><span    style='mso-spacerun:yes'>    </span><span    style='mso-spacerun:yes'>      </span><a name=addr4>ALEXANDRIA, VA 22314-2750</a><span    style='mso-tab-count:1'>          </span><o:p></o:p></span></p>    <p class=MsoNormal style='tab-stops:.5in'><span style='font-size:11.0pt;    mso-bidi-font-size:12.0pt'><span style='mso-spacerun:yes'>          </span><a    name=addr5></a><span style='mso-tab-count:1'>  </span><o:p></o:p></span></p>    </td>    <td width=331 valign=top style='width:3.45in;border:none;padding:0in 5.4pt 0in 5.4pt'>    <p class=MsoHeader style='tab-stops:.5in'><span    style='mso-spacerun:yes'> </span></p>    <p class=MsoNormal><b style='mso-bidi-font-weight:normal'><o:p>&nbsp;</o:p></b></p>    <p class=MsoNormal><b style='mso-bidi-font-weight:normal'><o:p>&nbsp;</o:p></b></p>    <p class=MsoNormal><b><span style='font-size:11.0pt;mso-bidi-font-size:12.0pt'>GENERAL    TRADEMARK INFORMATION:</span></b><b style='mso-bidi-font-weight:normal'><o:p></o:p></b></p>    <p class=MsoNormal><b style='mso-bidi-font-weight:normal'><a    href="http://www.uspto.gov/main/trademarks.htm">http://www.uspto.gov/main/trademarks.htm</a></b><span    style='mso-bidi-font-weight:bold'><o:p></o:p></span></p>    <p class=MsoNormal><span style='font-size:9.0pt;mso-bidi-font-size:12.0pt;    mso-bidi-font-weight:bold'><o:p>&nbsp;</o:p></span></p>    <p class=MsoNormal><u><span style='font-size:8.0pt;mso-bidi-font-size:12.0pt;    mso-bidi-font-weight:bold'><o:p><span style='text-decoration:none'>&nbsp;</span></o:p></span></u></p>    <p class=MsoNormal><o:p>&nbsp;</o:p></p>    </td>   </tr>   <tr style='mso-yfti-irow:2;page-break-inside:avoid'>    <td width=401 valign=top style='width:300.6pt;border:none;padding:0in 5.4pt 0in 5.4pt'>    <p class=MsoNormal><span style='font-size:11.0pt;mso-bidi-font-size:12.0pt'><span    style='mso-spacerun:yes'>    </span><b>APPLICANT</b>:<span style='mso-tab-count:    1'>         </span><span style='mso-spacerun:yes'>  </span><a name=appl>ATLUS    U.S.A., INC.</a><span style='mso-tab-count:1'> </span><o:p></o:p></span></p>    <p class=MsoNormal><span style='font-size:11.0pt;mso-bidi-font-size:12.0pt'><o:p>&nbsp;</o:p></span></p>    </td>    <td width=331 valign=top style='width:3.45in;border:none;padding:0in 5.4pt 0in 5.4pt'>    <p class=MsoNormal><span style='font-size:8.0pt;mso-bidi-font-size:12.0pt'><o:p>&nbsp;</o:p></span></p>    <p class=MsoNormal><span style='font-size:8.0pt;mso-bidi-font-size:12.0pt'><o:p>&nbsp;</o:p></span></p>    </td>   </tr>   <tr style='mso-yfti-irow:3;mso-yfti-lastrow:yes;page-break-inside:avoid'>    <td width=401 valign=top style='width:300.6pt;border:none;padding:0in 5.4pt 0in 5.4pt'>    <p class=MsoNormal><span style='font-size:11.0pt;mso-bidi-font-size:12.0pt'><span    style='mso-spacerun:yes'>    </span><b>CORRESPONDENT’S REFERENCE/DOCKET NO</b>:<span    style='mso-spacerun:yes'>   </span><o:p></o:p></span></p>    <p class=MsoNormal><span style='font-size:11.0pt;mso-bidi-font-size:12.0pt'><span    style='mso-spacerun:yes'>          </span><a name=dkt>R6023</a><span    style='mso-spacerun:yes'>         </span><o:p></o:p></span></p>    <p class=MsoNormal><span style='font-size:11.0pt;mso-bidi-font-size:12.0pt'><span    style='mso-spacerun:yes'>    </span><b>CORRESPONDENT E-MAIL ADDRESS</b>:<span    style='mso-spacerun:yes'>  </span><o:p></o:p></span></p>    <p class=MsoNormal><span style='font-size:11.0pt;mso-bidi-font-size:12.0pt'><span    style='mso-spacerun:yes'>           </span><a name=email></a><o:p></o:p></span></p>    </td>    <td width=331 valign=top style='width:3.45in;border:none;padding:0in 5.4pt 0in 5.4pt'>    <p class=MsoNormal style='margin-left:12.6pt;text-indent:-12.6pt'><o:p>&nbsp;</o:p></p>    </td>   </tr>  </table>    </div>    <p class=MsoNormal><b style='mso-bidi-font-weight:normal'><span  style='font-size:11.0pt;mso-bidi-font-size:12.0pt;color:black'><o:p>&nbsp;</o:p></span></b></p>    <p class=MsoNormal><b style='mso-bidi-font-weight:normal'><span  style='font-size:11.0pt;mso-bidi-font-size:12.0pt;color:black'><o:p>&nbsp;</o:p></span></b></p>    <p class=MsoNormal align=center style='text-align:center;tab-stops:.5in 1.0in 1.5in 2.0in 2.5in 3.0in 3.5in 4.0in 4.5in 5.0in 5.5in 6.0in'><b>NOTICE  OF SUSPENSION</b></p>    <h3 style='margin-right:0in;text-align:justify'><o:p>&nbsp;</o:p></h3>    <p class=MsoNormal><b>ISSUE/MAILING DATE</b>: <a name=tramdate></a></p>    <p class=MsoNormal style='tab-stops:.25in'><a name=iregno></a><u><span  style='color:black;letter-spacing:.25pt'><o:p><span style='text-decoration:   none'>&nbsp;</span></o:p></span></u></p>    <p class=MsoNormal style='tab-stops:.25in'><u><span style='color:black;  letter-spacing:.25pt'><o:p><span style='text-decoration:none'>&nbsp;</span></o:p></span></u></p>    <p class=MsoNormal><b>SUSPENSION PROCEDURE</b><span style='color:black;  letter-spacing:.25pt'>: This suspension notice serves to suspend action on the  application for the reason(s) specified below.<span style='mso-spacerun:yes'>   </span>No response is needed.<span style='mso-spacerun:yes'>  </span>However,  if you wish to respond to this notice, you should use the “Response to Letter  of Suspension” form found at <a href="http://teasroa.uspto.gov/rsi/rsi">http://teasroa.uspto.gov/rsi/rsi</a>.<span  style='mso-spacerun:yes'>  </span>The Office will conduct periodic status  checks to determine if suspension remains appropriate.<o:p></o:p></span></p>    <p class=MsoNormal><span style='color:black;letter-spacing:.25pt'><o:p>&nbsp;</o:p></span></p>    <p class=MsoNormal><o:p>&nbsp;</o:p></p>    <p class=MsoNormal><a name=start></a><o:p>&nbsp;</o:p></p>    <p class=MsoNormal>Action on this application is suspended pending the  disposition of:</p>    <p class=MsoNormal><o:p>&nbsp;</o:p></p>    <p class=MsoNormal><span style='mso-tab-count:1'>            </span>-  Application Serial No(s). <b style='mso-bidi-font-weight:normal'>77713892</b></p>    <p class=MsoNormal><o:p>&nbsp;</o:p></p>    <p class=MsoNormal>Since applicant's effective filing date is subsequent to the  effective filing date of the above-identified application(s), the latter, if  and when it registers, may be cited against this application in a refusal to  register under Section 2(d) of the Trademark Act, 15 U.S.C. §1052(d).<span  style='mso-spacerun:yes'>  </span>See 37 C.F.R. §2.83; TMEP §§1208 et seq.<span  style='mso-spacerun:yes'>  </span>A copy of information relevant to this  pending application(s) <b style='mso-bidi-font-weight:normal'>is attached.</b></p>    <p class=MsoNormal><o:p>&nbsp;</o:p></p>    <p class=MsoNormal>Applicant may submit a request to remove the application  from suspension to present arguments related to the potential conflict between  the relevant application(s) or other arguments related to the ground for  suspension.<span style='mso-spacerun:yes'>  </span>TMEP §716.03.<span  style='mso-spacerun:yes'>  </span>Applicant's election not to present arguments  during suspension will not affect the applicant's right to present arguments  later should a refusal in fact issue.<span style='mso-spacerun:yes'>  </span>If  a refusal does issue, applicant will be afforded 6 months from the mailing or  e-mailing date of the Office action to submit a response.<span  style='mso-spacerun:yes'>  </span>15 U.S.C. §1062(b); 37 C.F.R. §2.62.</p>    <p class=MsoNormal><o:p>&nbsp;</o:p></p>    <p class=MsoNormal><b style='mso-bidi-font-weight:normal'>COMMENTS<o:p></o:p></b></p>    <p class=MsoNormal><o:p>&nbsp;</o:p></p>    <p class=MsoNormal><a name="fpa_L54_1_09122009_35610PM">If applicant has  questions about its application or this Office action, please contact the  assigned trademark examining attorney at the telephone number below.</a></p>    <span style='mso-bookmark:fpa_L54_1_09122009_35610PM'></span>    <p class=MsoNormal><o:p>&nbsp;</o:p></p>    <p class=MsoNormal><a name=continue></a><o:p>&nbsp;</o:p></p>    <p class=MsoNormal style='margin-left:3.0in;page-break-after:avoid'><span  style='mso-field-code:" USERNAME  \\* MERGEFORMAT "'><span style='mso-no-proof:  yes'>/Fong Hsu/</span></span></p>    <p class=MsoNormal style='margin-left:3.0in;page-break-after:avoid'><!--[if supportFields]><span  style='mso-element:field-begin'></span><span  style='mso-spacerun:yes'> </span>USERADDRESS<span style='mso-spacerun:yes'>   </span>\* MERGEFORMAT <span style='mso-element:field-separator'></span><![endif]--><span  style='mso-no-proof:yes'>Law Office 115<o:p></o:p></span></p>    <p class=MsoNormal style='margin-left:3.0in;page-break-after:avoid'><span  style='mso-no-proof:yes'>Trademark Examiner <o:p></o:p></span></p>    <p class=MsoNormal style='margin-left:3.0in;page-break-after:avoid'><span  style='mso-no-proof:yes'>Office:<span style='mso-spacerun:yes'>  </span>(571) 272-2001<o:p></o:p></span></p>    <p class=MsoNormal style='margin-left:3.0in;page-break-after:avoid'><!--[if supportFields]><span  style='mso-element:field-end'></span><![endif]--><o:p>&nbsp;</o:p></p>    <p class=MsoNormal><span style='color:black'><o:p>&nbsp;</o:p></span></p>    <p class=MsoNormal><b>STATUS CHECK:</b> Check the status of the application at  least once every six months from the initial filing date using the USPTO  Trademark Applications and Registrations Retrieval (TARR) online system at <a  href="http://tarr.uspto.gov/">http://tarr.uspto.gov</a>.<span  style='mso-spacerun:yes'>  </span>When conducting an online status check, print  and maintain a copy of the complete TARR screen.<span  style='mso-spacerun:yes'>  </span>If the status of your application has not  changed for more than six months, <span style='color:black'>please contact the  assigned examining attorney.</span></p>    <p class=MsoNormal><o:p>&nbsp;</o:p></p>    </div>    </body>    </html>  ]]></message-html></uspto-tm-document>    