<?xml version="1.0" encoding="ISO-8859-1"?><?xml-stylesheet type="text/xsl" href="../../stylesheets/sou 4.70/sou4.70ticrsimageretrieval1.0.xsl"?><uspto-tm-document description="Allegation of Use" document-type="sou" system-creator="eteas" version="4.70" version-date="2010-07-10">   <trademark-case-files>    <trademark-case-file>     <case-file-header>      <serial-number>77757415</serial-number>      <marks>       <mark action-code="read" version="original">        <typed-mark standard-character-format="y">         <mark-text>TRAUMA TEAM</mark-text>         <file-name acceptable="n" height="140" image-type="jpeg" width="336">http://tess2.uspto.gov/ImageAgent/ImageAgentProxy?getImage=77757415</file-name>        </typed-mark>       </mark>      </marks>      <law-office-assigned-location-code>LAW OFFICE 115</law-office-assigned-location-code>      <notice-of-allowance-date>YES</notice-of-allowance-date>      <extension-of-use>NO</extension-of-use>     </case-file-header>     <allegation-of-use-form>      <goods-services>       <goods-service action-code="create" version="new">        <keep-description-text-flag>YES</keep-description-text-flag>        <class-code>009</class-code>        <description-text>VIDEO AND COMPUTER GAME PROGRAMS, CARTRIDGES AND DISCS AND INSTRUCTION MANUALS SOLD AS A UNIT; INTERACTIVE GAME PROGRAMS FEATURING VIDEO GAMES FOR USE WITH TELEVISION VIDEO GAME MACHINES</description-text>        <first-use-anywhere-date>20100518</first-use-anywhere-date>        <first-use-in-commerce-date>20100518</first-use-in-commerce-date>        <specimen>         <!--<file-name image-type="pdf" id="20100818115126871145-77757415-001_001" total-page-count="1">SPN0-20825067186-114214350_._SPECIMEN.pdf</file-name>--><file-name image-type="jpg" ref="20100818115126871145-77757415-001_001">\\TICRS\EXPORT11\IMAGEOUT11\777\574\77757415\xml3\SOU0002.JPG</file-name>         <description-text>IMAGE OF THE CONTAINER FOR THE GOODS</description-text>        </specimen>       </goods-service>      </goods-services>      <case-file-owners>       <case-file-owner action-code="read" version="original">        <owner-role-code>20</owner-role-code>        <owner-role-sequence-number>0</owner-role-sequence-number>        <entry-sequence-number>1</entry-sequence-number>        <name>ATLUS U.S.A., INC.</name>        <street>199 TECHNOLOGY DRIVE, SUITE 105</street>        <city>IRVINE</city>        <state>California (CA)</state>        <postal-code>92618</postal-code>        <country-name>US</country-name>       </case-file-owner>      </case-file-owners>      <request-to-divide>       <request-to-divide-indicator>NO</request-to-divide-indicator>      </request-to-divide>      <signatures>       <signature action-code="create" version="new">        <esignature-type>DIRECT</esignature-type>        <signature-type>D</signature-type>        <signature-entry-number>1</signature-entry-number>        <signature-name>/jes/</signature-name>        <signatory-date>20100818</signatory-date>        <signatory-name>James E. Shlesinger</signatory-name>        <signatory-position>Attorney of Record, Virginia Bar Member and Agent</signatory-position>       </signature>      </signatures>      <fee-types>       <fee-type action-code="create" version="new">        <fee-code>7003</fee-code>        <number-of-classes>1</number-of-classes>        <subtotal-amount>100</subtotal-amount>       </fee-type>       <total-amount>100</total-amount>      </fee-types>      <payment action-code="create" version="new">       <ram-sale-number>8114</ram-sale-number>       <ram-accounting-date>20100818</ram-accounting-date>       <payment-method>DA</payment-method>      </payment>     </allegation-of-use-form>    </trademark-case-file>   </trademark-case-files>   <boilerplates>    <boilerplate>     <boilerplate-type>DECLARATION.AOU</boilerplate-type>     <boilerplate-description>AOU Trademark Declaration</boilerplate-description>     <boilerplate-text>Applicant requests registration of the above-identified trademark/service mark in the United States Patent and Trademark Office on the Principal Register established by the Act of July 5, 1946 (15 U.S.C. Section 1051 et seq., as amended). Applicant is the owner of the mark sought to be registered, and is using the mark in commerce on or in connection with the goods/services identified above, as evidenced by the attached specimen(s) showing the mark as used in commerce.</boilerplate-text>    </boilerplate>    <boilerplate>     <boilerplate-type>SIGNATURE.OTHER</boilerplate-type>     <boilerplate-description>Post Application Signature Statement</boilerplate-description>     <boilerplate-text>The undersigned, being hereby warned that willful false statements and the like so made are punishable by fine or imprisonment, or both, under 18 U.S.C. Section 1001, and that such willful false statements may jeopardize the validity of the form or any resulting registration, declares that he/she is properly authorized to execute this form on behalf of the applicant; he/she believes the applicant to be the owner of the trademark/service mark sought to be registered; and that all statements made of his/her own knowledge are true; and that all statements made on information and belief are believed to be true.</boilerplate-text>    </boilerplate>   </boilerplates>   <filing>    <filing-identifier>20100818114214350525-77757415</filing-identifier>    <xml-create-date>20100818 11:48:58</xml-create-date>    <submit-date>Wed Aug 18 11:51:26 EDT 2010</submit-date>    <teas-stamp>USPTO/SOU-XXX.XXX.XX.XXX-20100818115126871145-77757415-470199a8022ae78e79889877f921c241af8-DA-8114-20100818114214350525</teas-stamp>    <filing-description>Trademark/Service Mark Statement of Use</filing-description>    <reply-email>jim@sagllp.com,nitasantiago@sagllp.com</reply-email>   </filing>  </uspto-tm-document>