<?xml version="1.0" encoding="ISO-8859-1"?>
<?xml-stylesheet type="text/xsl" href="../../stylesheets/EAK 1.2/EAK1.2ticrsimageretrieval1.0.xsl"?>
   <!-- ?xml-stylesheet type="text/xsl" href="EAK.xsl"? -->   <uspto-tm-document document-type="EAK" document-subtype="EAK"    description="Notice of Acceptance, Notice of Acknowledgement"    system-creator="ClearPath" version="1.2"  version-date="20170114">   <trademark-notice>   <electronic-mail>   <sender-email> TMOfficialNotices@USPTO.GOV </sender-email>   <send-date>Saturday, January 21, 2017     11:01 PM</send-date>   <recipient-email>   seth.reiss@lex-ip.com   </recipient-email>   <subject-line-text> <![CDATA[   Official USPTO Notice of Acceptance/Acknowledgement Sections 8 and 15:   U.S. Trademark RN 3880882:   TRAUMA TEAM:   Docket/Reference No. 1631-1D-12TM   ]]></subject-line-text>   </electronic-mail>   <document-content>   <serial-number>77757415</serial-number>   <registration-number>3880882</registration-number>   <registration-date>Nov 23, 2010</registration-date>   <marks>   <mark-text><![CDATA[   TRAUMA TEAM   ]]></mark-text></marks>   <employee-name>                      </employee-name>   <attorney-docket-number><![CDATA[1631-1D-12TM]]></attorney-docket-number>   <case-file-owner>   <owner-name><![CDATA[   ATLUS U.S.A., INC.   ]]></owner-name>   </case-file-owner>   <goods-services><goods-service>   <class-code><![CDATA[   009   ]]></class-code>   </goods-service></goods-services>   <notice-status>         </notice-status>   <notice-status-date>Jan 21, 2017</notice-status-date>   </document-content>   </trademark-notice>   </uspto-tm-document>     