<?xml version="1.0" encoding="ISO-8859-1"?>
<?xml-stylesheet type="text/xsl" href="../../stylesheets/PRC 1.0/prc1.0ticrsimageretrieval1.0.xsl"?>
<uspto-tm-document document-type="PRC" document-subtype="PRC" description="Publication &#x26; Issue Review Complete_RUNDATE20070629" system-creator="ClearPath" version="1.0" version-date="20070126"><trademark-applications-daily><version><version-no>2.0</version-no><version-date>20041108</version-date></version><creation-datetime>200706290137</creation-datetime> <application-information><file-segments><file-segment>TRMK</file-segment><action-keys><action-key>TX</action-key><case-file>   <serial-number>77090832</serial-number>   <registration-number>0000000</registration-number>   <transaction-date>06292007</transaction-date>   <case-file-header>    <filing-date>20070125</filing-date>    <status-code>681</status-code>    <status-date>20070628</status-date>    <mark-identification>TRAUMA CENTER</mark-identification>    <mark-drawing-code>4000</mark-drawing-code>    <published-for-opposition-date>20070731</published-for-opposition-date>    <attorney-docket-number>R5605</attorney-docket-number>    <attorney-name>JAMES E. SHLESINGER</attorney-name>    <principal-register-amended-in>F</principal-register-amended-in>    <supplemental-register-amended-in>F</supplemental-register-amended-in>    <trademark-in>T</trademark-in>    <collective-trademark-in>F</collective-trademark-in>    <service-mark-in>F</service-mark-in>    <collective-service-mark-in>F</collective-service-mark-in>    <collective-membership-mark-in>F</collective-membership-mark-in>    <certification-mark-in>F</certification-mark-in>    <cancellation-pending-in>F</cancellation-pending-in>    <published-concurrent-in>F</published-concurrent-in>    <concurrent-use-in>F</concurrent-use-in>    <concurrent-use-proceeding-in>F</concurrent-use-proceeding-in>    <interference-pending-in>F</interference-pending-in>    <opposition-pending-in>F</opposition-pending-in>    <section-12c-in>F</section-12c-in>    <section-2f-in>F</section-2f-in>    <section-2f-in-part-in>F</section-2f-in-part-in>    <renewal-filed-in>F</renewal-filed-in>    <section-8-filed-in>F</section-8-filed-in>    <section-8-partial-accept-in>F</section-8-partial-accept-in>    <section-8-accepted-in>F</section-8-accepted-in>    <section-15-acknowledged-in>F</section-15-acknowledged-in>    <section-15-filed-in>F</section-15-filed-in>    <supplemental-register-in>F</supplemental-register-in>    <foreign-priority-in>F</foreign-priority-in>    <change-registration-in>F</change-registration-in>    <intent-to-use-in>F</intent-to-use-in>    <intent-to-use-current-in>F</intent-to-use-current-in>    <filed-as-use-application-in>T</filed-as-use-application-in>    <amended-to-use-application-in>F</amended-to-use-application-in>    <use-application-currently-in>T</use-application-currently-in>    <amended-to-itu-application-in>F</amended-to-itu-application-in>    <filing-basis-filed-as-44d-in>F</filing-basis-filed-as-44d-in>    <amended-to-44d-application-in>F</amended-to-44d-application-in>    <filing-basis-current-44d-in>F</filing-basis-current-44d-in>    <filing-basis-filed-as-44e-in>F</filing-basis-filed-as-44e-in>    <filing-basis-current-44e-in>F</filing-basis-current-44e-in>    <amended-to-44e-application-in>F</amended-to-44e-application-in>    <without-basis-currently-in>F</without-basis-currently-in>    <filing-current-no-basis-in>F</filing-current-no-basis-in>    <color-drawing-filed-in>F</color-drawing-filed-in>    <color-drawing-current-in>F</color-drawing-current-in>    <drawing-3d-filed-in>F</drawing-3d-filed-in>    <drawing-3d-current-in>F</drawing-3d-current-in>    <standard-characters-claimed-in>T</standard-characters-claimed-in>    <filing-basis-filed-as-66a-in>F</filing-basis-filed-as-66a-in>    <filing-basis-current-66a-in>F</filing-basis-current-66a-in>    <law-office-assigned-location-code>M40</law-office-assigned-location-code>    <current-location>PUBLICATION AND ISSUE SECTION</current-location>    <location-date>20070628</location-date>    <employee-name>MILLER, DAVID S</employee-name>   </case-file-header>   <case-file-statements>    <case-file-statement>     <type-code>GS0091</type-code>     <text>VIDEO AND COMPUTER GAME PROGRAMS, CARTRIDGES AND DISCS AND INSTRUCTION MANUALS SOLD AS A UNIT; PROGRAM-RECORDED SUBSTRATES FEATURING VIDEO GAMES FOR USE WITH TELEVISION VIDEO GAME MACHINES</text>    </case-file-statement>   </case-file-statements>   <case-file-event-statements>    <case-file-event-statement>     <code>PREV</code>     <type>O</type>     <description-text>LAW OFFICE PUBLICATION REVIEW COMPLETED</description-text>     <date>20070628</date>     <number>6</number>    </case-file-event-statement>    <case-file-event-statement>     <code>ALIE</code>     <type>A</type>     <description-text>ASSIGNED TO LIE</description-text>     <date>20070609</date>     <number>5</number>    </case-file-event-statement>    <case-file-event-statement>     <code>ALIE</code>     <type>A</type>     <description-text>ASSIGNED TO LIE</description-text>     <date>20070606</date>     <number>4</number>    </case-file-event-statement>    <case-file-event-statement>     <code>CNSA</code>     <type>O</type>     <description-text>APPROVED FOR PUB - PRINCIPAL REGISTER</description-text>     <date>20070516</date>     <number>3</number>    </case-file-event-statement>    <case-file-event-statement>     <code>DOCK</code>     <type>D</type>     <description-text>ASSIGNED TO EXAMINER</description-text>     <date>20070514</date>     <number>2</number>    </case-file-event-statement>    <case-file-event-statement>     <code>NWAP</code>     <type>I</type>     <description-text>NEW APPLICATION ENTERED IN TRAM</description-text>     <date>20070129</date>     <number>1</number>    </case-file-event-statement>   </case-file-event-statements>   <classifications>    <classification>     <international-code-total-no>1</international-code-total-no>     <us-code-total-no>5</us-code-total-no>     <international-code>009</international-code>     <us-code>021</us-code>     <us-code>023</us-code>     <us-code>026</us-code>     <us-code>036</us-code>     <us-code>038</us-code>     <status-code>6</status-code>     <status-date>20070129</status-date>     <first-use-anywhere-date>20061100</first-use-anywhere-date>     <first-use-in-commerce-date>20061100</first-use-in-commerce-date>     <primary-code>009</primary-code>    </classification>   </classifications>   <correspondent>    <address-1>JAMES E. SHLESINGER</address-1>    <address-2>SHLESINGER, ARKWRIGHT &amp; GARVEY LLP</address-2>    <address-3>1420 KING ST STE 600</address-3>    <address-4>ALEXANDRIA, VA 22314-2750</address-4>   </correspondent>   <case-file-owners>    <case-file-owner>     <entry-number>1</entry-number>     <party-type>10</party-type>     <nationality>      <state>CA</state>     </nationality>     <legal-entity-type-code>03</legal-entity-type-code>     <party-name>ATLUS U.S.A., INC.</party-name>     <address-1>15255 ALTON PARKWAY, SUITE 100</address-1>     <city>IRVINE</city>     <state>CA</state>     <postcode>92618</postcode>    </case-file-owner>   </case-file-owners>  </case-file> </action-keys></file-segments></application-information></trademark-applications-daily></uspto-tm-document>    