<?xml version = "1.0" encoding = "ISO-8859-1"?>
<?xml-stylesheet type="text/xsl" href="../../stylesheets/xsearch 1.0/xsearch1.0ticrsimageretrieval1.0.xsl"?>
  <uspto-tm-document document-type="xsearch" version="1.0" version-date="2003-11-11"     date-produced ="2003-11-25" file="USPTO Trademark Document">    <general-info>       <user-id>fhsu</user-id>       <serial-number>77757415</serial-number>    </general-info>    <search-result-list>       <search-result sequence-number="01">        <total-mark>122</total-mark>        <total-dead-mark>0</total-dead-mark>        <total-live-mark-viewed>122</total-live-mark-viewed>        <total-live-image-viewed>99</total-live-image-viewed>        <search-duration>0:03</search-duration>        <search-string>*trauma* [bi,ti] not dead[ld]</search-string>       </search-result>       <search-result sequence-number="02">        <total-mark>3475</total-mark>        <total-dead-mark>N/A</total-dead-mark>        <total-live-mark-viewed>0</total-live-mark-viewed>        <total-live-image-viewed>0</total-live-image-viewed>        <search-duration>0:03</search-duration>        <search-string>*team* [bi,ti] not dead[ld]</search-string>       </search-result>       <search-result sequence-number="03">        <total-mark>2</total-mark>        <total-dead-mark>0</total-dead-mark>        <total-live-mark-viewed>2</total-live-mark-viewed>        <total-live-image-viewed>2</total-live-image-viewed>        <search-duration>0:01</search-duration>        <search-string>1 and 2</search-string>       </search-result>       <search-result sequence-number="04">        <total-mark>126</total-mark>        <total-dead-mark>N/A</total-dead-mark>        <total-live-mark-viewed>0</total-live-mark-viewed>        <total-live-image-viewed>0</total-live-image-viewed>        <search-duration>0:01</search-duration>        <search-string>*tra{"uw"}{"m"1:2}a* [bi,ti] not dead[ld]</search-string>       </search-result>       <search-result sequence-number="05">        <total-mark>3744</total-mark>        <total-dead-mark>N/A</total-dead-mark>        <total-live-mark-viewed>0</total-live-mark-viewed>        <total-live-image-viewed>0</total-live-image-viewed>        <search-duration>0:04</search-duration>        <search-string>*t{'iea"2}m* [bi,ti] not dead[ld]</search-string>       </search-result>       <search-result sequence-number="06">        <total-mark>2</total-mark>        <total-dead-mark>0</total-dead-mark>        <total-live-mark-viewed>2</total-live-mark-viewed>        <total-live-image-viewed>2</total-live-image-viewed>        <search-duration>0:01</search-duration>        <search-string>4 and 5</search-string>       </search-result>       <search-result sequence-number="07">        <total-mark>2192</total-mark>        <total-dead-mark>N/A</total-dead-mark>        <total-live-mark-viewed>0</total-live-mark-viewed>        <total-live-image-viewed>0</total-live-image-viewed>        <search-duration>0:03</search-duration>        <search-string>2 and "009"[cc]</search-string>       </search-result>       <search-result sequence-number="08">        <total-mark>480</total-mark>        <total-dead-mark>N/A</total-dead-mark>        <total-live-mark-viewed>2</total-live-mark-viewed>        <total-live-image-viewed>2</total-live-image-viewed>        <search-duration>0:02</search-duration>        <search-string>2 and ("009" "A" "B" "200")[ic]</search-string>       </search-result>    </search-result-list>    <session-info>       <begin-timestamp>        <datetime>9/11/2009 5:16:03 PM</datetime>       </begin-timestamp>       <end-timestamp>        <datetime>9/11/2009 6:03:10 PM</datetime>       </end-timestamp>       <total-search-duration>0 minutes 18 seconds</total-search-duration>       <session-duration>47 minutes 7 seconds</session-duration>       <near-limit>1</near-limit>       <adjacent-limit>1</adjacent-limit>    </session-info>  </uspto-tm-document>      