<?xml version="1.0" encoding="ISO-8859-1"?><?xml-stylesheet type="text/xsl" href="../../stylesheets/coa 4.60/coa4.60ticrsimageretrieval1.0.xsl"?><uspto-tm-document description="Change Of Owner's Address" document-type="coa" system-creator="eteas" version="4.60" version-date="2009-08-01">   <trademark-case-files>    <trademark-case-file>     <case-file-header>      <serial-number>77090832</serial-number>      <registration-number>3311295</registration-number>      <mark action-code="read" version="original">       <typed-mark standard-character-format="y">        <mark-text>TRAUMA CENTER</mark-text>        <file-name acceptable="n" height="140" image-type="jpeg" width="336">http://tess2.uspto.gov/ImageAgent/ImageAgentProxy?getImage=77090832</file-name>       </typed-mark>      </mark>      <law-office-assigned-location-code>LAW OFFICE 113</law-office-assigned-location-code>      <filing-date>20070125</filing-date>     </case-file-header>     <change-of-owner-address-form>      <case-file-owners>       <case-file-owner action-code="read" version="original">        <owner-role-code>31</owner-role-code>        <owner-role-sequence-number>0</owner-role-sequence-number>        <entry-sequence-number>1</entry-sequence-number>        <name>INDEX DIGITAL MEDIA, INC.</name>        <dba-aka-text/>        <street>199 TECHNOLOGY DRIVE, SUITE 105</street>        <internal-address/>        <city>IRVINE</city>        <state>California (CA)</state>        <postal-code>92618</postal-code>        <country-name>US</country-name>        <email authorized="n"/>        <phone/>        <fax/>        <state-organized/>       </case-file-owner>       <case-file-owner action-code="update" version="correction">        <owner-role-code>31</owner-role-code>        <owner-role-sequence-number>0</owner-role-sequence-number>        <entry-sequence-number>1</entry-sequence-number>        <name>INDEX DIGITAL MEDIA, INC.</name>        <street>6400 OAK CANYON, SUITE 100</street>        <internal-address/>        <city>IRVINE</city>        <state>California (CA)</state>        <postal-code>92618</postal-code>        <country-name>United States (USX)</country-name>        <phone/>        <fax/>       </case-file-owner>      </case-file-owners>     </change-of-owner-address-form>    </trademark-case-file>    <signatures>     <signature action-code="create" version="new">      <esignature-type>DIRECT</esignature-type>      <signature-type>D</signature-type>      <signature-entry-number>1</signature-entry-number>      <signature-name>/jes/</signature-name>      <signatory-date>20110607</signatory-date>      <signatory-name>James E. Shlesinger</signatory-name>      <signatory-position>Attorney of Record, Virginia Bar Member and Agent</signatory-position>     </signature>    </signatures>   </trademark-case-files>   <boilerplates>    <boilerplate>     <boilerplate-type>AUTHORIZATION</boilerplate-type>     <boilerplate-description>applicant authorization</boilerplate-description>     <boilerplate-text/>    </boilerplate>   </boilerplates>   <filing>    <filing-identifier>20110607143933674713-78898276</filing-identifier>    <xml-create-date>20110607 14:45:26</xml-create-date>    <submit-date>Tue Jun 07 14:48:27 EDT 2011</submit-date>    <teas-stamp>USPTO/COA-XXX.XXX.XX.XXX-20110607144827214402-78898276-4801db19aea55e2cf3f8be6a4e234c47b86-N/A-N/A-20110607143933674713</teas-stamp>    <filing-description>Change Of Owner's Address</filing-description>    <reply-email>jim@sagllp.com;nitasantiago@sagllp.com</reply-email>   </filing>  </uspto-tm-document>