<?xml version="1.0" encoding="ISO-8859-1"?>
<?xml-stylesheet type="text/xsl" href="../../stylesheets/EAK 1.1/EAK1.1ticrsimageretrieval1.0.xsl"?>
   <!-- ?xml-stylesheet type="text/xsl" href="EAK.xsl"? -->   <uspto-tm-document document-type="EAK" document-subtype="EAK"    description="Notice of Acceptance, Notice of Acknowledgement"    system-creator="ClearPath" version="1.1"  version-date="20110901">   <trademark-notice>   <electronic-mail>   <sender-email> TMOfficialNotices@USPTO.GOV </sender-email>   <send-date>Monday, September 30, 2013     11:01 PM</send-date>   <recipient-email>   seth.reiss@lex-ip.com   </recipient-email>   <subject-line-text>   Trademark RN 3311295: Official Notice of Acceptance and Acknowledgement    under Sections 8 and 15 of the Trademark Act   </subject-line-text>   </electronic-mail>   <document-content>   <serial-number>77090832</serial-number>   <registration-number>3311295</registration-number>   <registration-date>Oct 16, 2007</registration-date>   <marks>   <mark-text><![CDATA[   TRAUMA CENTER(STANDARD CHARACTER MARK)   ]]></mark-text></marks>   <employee-name>                      </employee-name>   <attorney-docket-number><![CDATA[1631-ID-8TM ]]></attorney-docket-number>   <case-file-owner>   <owner-name><![CDATA[   INDEX DIGITAL MEDIA, INC.   ]]></owner-name>   </case-file-owner>   <goods-services><goods-service>   <class-code><![CDATA[   009   ]]></class-code>   </goods-service></goods-services>   <notice-status>         </notice-status>   <notice-status-date>Sep 30, 2013</notice-status-date>   </document-content>   </trademark-notice>   </uspto-tm-document>     