<?xml version="1.0" encoding="ISO-8859-1"?><?xml-stylesheet type="text/xsl" href="../../stylesheets/s89 5.51/s895.51ticrsimageretrieval1.0.xsl"?><uspto-tm-document description="Sections 8 and 9" document-type="s89" expiry-date="07/31/2018" form-number="1963" omb-form-note-text="Under the Paperwork Reduction Act of 1995 no persons are required to respond to a collection of information unless it displays a valid OMB control number.  " omb-form-number="0651-0055" revision-date="05/2006" system-creator="eteas" version="5.51" version-date="2015-11-14">   <trademark-case-files>    <trademark-case-file>     <case-file-header>      <registration-number>3311295</registration-number>      <serial-number>77090832</serial-number>      <mark action-code="read" version="original">       <typed-mark>        <mark-text>TRAUMA CENTER</mark-text>        <file-name height="133" image-type="jpeg" width="320">https://tmng-al.uspto.gov/resting2/api/img/77090832/large</file-name>       </typed-mark>      </mark>      <registration-date>20071016</registration-date>     </case-file-header>     <section-form appoint-representative-indicator="n" attorney-filing-indicator="y" declaration-signature-method="DSIGN" multiple-signatory-indicator="n" signatories-total="1">      <goods-services>       <goods-service action-code="create" version="new">        <keep-description-text-flag>YES</keep-description-text-flag>        <class-code>009</class-code>        <description-text>VIDEO AND COMPUTER GAME PROGRAMS, CARTRIDGES AND DISCS AND INSTRUCTION MANUALS SOLD AS A UNIT; PROGRAM-RECORDED SUBSTRATES FEATURING VIDEO GAMES FOR USE WITH TELEVISION VIDEO GAME MACHINES</description-text>        <specimen action-code="create" version="new">         <!--<file-name image-type="pdf" id="20170909163220254188-3311295-004_001" total-page-count="1">SPN0-72130216114-20170909161838102053_._Specimen_9-8-2017.pdf</file-name>--><file-name image-type="jpg" ref="20170909163220254188-3311295-004_001">\\TICRS\EXPORT17\IMAGEOUT17\770\908\77090832\xml2\S890002.JPG</file-name>         <!--<file-name image-type="pdf" id="20170909163220254188-3311295-004_002" total-page-count="1">SPN0-72130216114-20170909161838102053_._Specimen_9-8-2017_2.pdf</file-name>--><file-name image-type="jpg" ref="20170909163220254188-3311295-004_002">\\TICRS\EXPORT17\IMAGEOUT17\770\908\77090832\xml2\S890003.JPG</file-name>         <!--<file-name image-type="pdf" id="20170909163220254188-3311295-004_003" total-page-count="4">SPN0-72130216114-20170909161838102053_._Specimen_9-8-2017_3.pdf</file-name>--><file-name image-type="jpg" ref="20170909163220254188-3311295-004_003">\\TICRS\EXPORT17\IMAGEOUT17\770\908\77090832\xml2\S890004.JPG</file-name>         <file-name image-type="jpg" ref="20170909163220254188-3311295-004_003">\\TICRS\EXPORT17\IMAGEOUT17\770\908\77090832\xml2\S890005.JPG</file-name>         <file-name image-type="jpg" ref="20170909163220254188-3311295-004_003">\\TICRS\EXPORT17\IMAGEOUT17\770\908\77090832\xml2\S890006.JPG</file-name>         <file-name image-type="jpg" ref="20170909163220254188-3311295-004_003">\\TICRS\EXPORT17\IMAGEOUT17\770\908\77090832\xml2\S890007.JPG</file-name>         <!--<file-name image-type="pdf" id="20170909163220254188-3311295-004_004" total-page-count="4">SPN0-72130216114-20170909161838102053_._Specimen_9-8-2017_4.pdf</file-name>--><file-name image-type="jpg" ref="20170909163220254188-3311295-004_004">\\TICRS\EXPORT17\IMAGEOUT17\770\908\77090832\xml2\S890008.JPG</file-name>         <file-name image-type="jpg" ref="20170909163220254188-3311295-004_004">\\TICRS\EXPORT17\IMAGEOUT17\770\908\77090832\xml2\S890009.JPG</file-name>         <file-name image-type="jpg" ref="20170909163220254188-3311295-004_004">\\TICRS\EXPORT17\IMAGEOUT17\770\908\77090832\xml2\S890010.JPG</file-name>         <file-name image-type="jpg" ref="20170909163220254188-3311295-004_004">\\TICRS\EXPORT17\IMAGEOUT17\770\908\77090832\xml2\S890011.JPG</file-name>         <description-text>mark exhibited on product packaging; mark displayed on e-commerce website in close proximity to a depiction of the goods and means for ordering same</description-text>        </specimen>       </goods-service>      </goods-services>      <case-file-owners>       <case-file-owner action-code="read" version="original">        <owner-role-code>32</owner-role-code>        <owner-role-sequence-number>0</owner-role-sequence-number>        <entry-sequence-number>1</entry-sequence-number>        <legal-entity-type-code>03</legal-entity-type-code>        <name>ATLUS U.S.A., INC.</name>        <street>6400 OAK CANYON STE. 100</street>        <city>IRVINE</city>        <state>California (CA)</state>        <postal-code>92618</postal-code>        <country-name>United States (USX)</country-name>        <citizenship-country-name>United States (USX)</citizenship-country-name>        <incorporated-in-state-code>California (CA)</incorporated-in-state-code>        <state-organized>California (CA)</state-organized>       </case-file-owner>       <case-file-owner action-code="update" version="correction">        <owner-role-code>32</owner-role-code>        <owner-role-sequence-number>0</owner-role-sequence-number>        <entry-sequence-number>1</entry-sequence-number>        <phone>949-788-0455</phone>       </case-file-owner>      </case-file-owners>     </section-form>     <correspondence-form>      <source-form>S89</source-form>      <correspondences>       <correspondence action-code="read" version="original">        <type-code>a</type-code>        <new-address>         <name>Seth M. Reiss</name>         <firm-name>Seth M. Reiss, AAL, ALLLC</firm-name>         <street>3770 Lurline Dr.</street>         <internal-address/>         <city>Honolulu</city>         <state>Hawaii (HI)</state>         <postal-code>96816</postal-code>         <country-name>United States (USX)</country-name>         <phone>(808) 521-7080</phone>         <fax>(808) 675-5805</fax>         <email authorized="y">seth.reiss@lex-ip.com</email>         <attorney-docket-number>1631-ID-8TM</attorney-docket-number>         <other-appointed-attorney/>        </new-address>       </correspondence>       <correspondence action-code="read" version="original">        <type-code>c</type-code>        <new-address>         <name>Seth M. Reiss</name>         <firm-name>Seth M. Reiss, AAL, ALLLC</firm-name>         <street>3770 Lurline Dr.</street>         <internal-address/>         <city>Honolulu</city>         <state>Hawaii (HI)</state>         <postal-code>96816</postal-code>         <country-name>United States (USX)</country-name>         <phone>(808) 521-7080</phone>         <fax>(808) 675-5805</fax>         <email authorized="y">seth.reiss@lex-ip.com</email>         <attorney-docket-number>1631-ID-8TM</attorney-docket-number>        </new-address>       </correspondence>      </correspondences>     </correspondence-form>     <rpad/>    </trademark-case-file>    <signatures>     <signature action-code="create" version="new">      <esignature-type>DIRECT</esignature-type>      <signature-type>D</signature-type>      <signature-entry-number>1</signature-entry-number>      <signature-name>/seth m reiss/</signature-name>      <signatory-date>20170909</signatory-date>      <signatory-name>Seth M. Reiss</signatory-name>      <signatory-position>Attorney of record, Hawai`i bar member</signatory-position>      <phone>808-521-7080</phone>     </signature>    </signatures>    <fee-types>     <fee-type action-code="create" version="new">      <fee-code>7205|7201</fee-code>      <number-of-classes>1</number-of-classes>      <number-of-classes-paid>1</number-of-classes-paid>      <subtotal-amount>425</subtotal-amount>     </fee-type>     <total-amount>425</total-amount>    </fee-types>    <payment>     <ram-sale-number>3311295</ram-sale-number>     <ram-accounting-date>20170911</ram-accounting-date>     <payment-method>CC</payment-method>    </payment>   </trademark-case-files>   <boilerplates>    <boilerplate>     <boilerplate-type>EMAIL.2</boilerplate-type>     <boilerplate-description>Email Authorization Statement</boilerplate-description>     <boilerplate-text>Applicant authorizes the USPTO to communicate with the applicant at the listed e-mail address.</boilerplate-text>    </boilerplate>    <boilerplate>     <boilerplate-type>DECLARATION.S89</boilerplate-type>     <boilerplate-description>TEAS Section 8-9 (9) Declaration</boilerplate-description>     <boilerplate-text>Unless the owner has specifically claimed excusable nonuse, the mark is in use in commerce on or in connection with the goods/services or to indicate membership in the collective membership organization identified above, as evidenced by the attached specimen(s).</boilerplate-text>     <boilerplate-text>Unless the owner has specifically claimed excusable nonuse, the specimen(s) shows the mark as currently used in commerce on or in connection with the goods/services/collective membership organization.</boilerplate-text>     <boilerplate-text>The registrant requests that the registration be renewed for the goods/services/collective organization identified above.</boilerplate-text>     <boilerplate-text>To the best of the signatory's knowledge, information, and belief, formed after an inquiry reasonable under the circumstances, the allegations and other factual contentions made above have evidentiary support.</boilerplate-text>     <boilerplate-text>The signatory being warned that willful false statements and the like are punishable by fine or imprisonment, or both, under 18 U.S.C. &#167; 1001, and that such willful false statements and the like may jeopardize the validity of this submission and the registration, declares that all statements made of his/her own knowledge are true and all statements made on information and belief are believed to be true.</boilerplate-text>    </boilerplate>   </boilerplates>   <filing>    <filing-identifier>20170909161838102053-3311295</filing-identifier>    <xml-create-date>20170909 16:26:55</xml-create-date>    <submit-date>Sat Sep 09 16:32:20 EDT 2017</submit-date>    <teas-stamp>USPTO/S08N09-XX.XXX.XXX.XXX-20170909163220254188-3311295-51078308d8f77ca79945883ca66ec66696471212b462cd539d41d6de3742fa725-CC-7126-20170909161838102053</teas-stamp>    <filing-description>Combined Declaration of Use and/or Excusable Nonuse/Application for Renewal of Registration of a Mark under Sections 8 &amp; 9</filing-description>    <reply-email>seth.reiss@lex-ip.com</reply-email>   </filing>  </uspto-tm-document>