<?xml version="1.0" encoding="ISO-8859-1"?><?xml-stylesheet type="text/xsl" href="../../stylesheets/s815 4.90/s8154.90ticrsimageretrieval1.0.xsl"?><uspto-tm-document description="Sections 8 and 15" document-type="s815" system-creator="eteas" version="4.90" version-date="2011-10-29">   <trademark-case-files>    <trademark-case-file>     <case-file-header>      <registration-number>3311295</registration-number>      <serial-number>77090832</serial-number>      <mark action-code="read" version="original">       <typed-mark>        <mark-text>TRAUMA CENTER</mark-text>       </typed-mark>      </mark>      <registration-date>20071016</registration-date>     </case-file-header>     <section-form appoint-representative-indicator="n" attorney-filing-indicator="y" declaration-signature-method="DSIGN" multiple-signatory-indicator="n" signatories-total="1">      <goods-services>       <goods-service action-code="create" version="new">        <keep-description-text-flag>YES</keep-description-text-flag>        <class-code>009</class-code>        <description-text>VIDEO AND COMPUTER GAME PROGRAMS, CARTRIDGES AND DISCS AND INSTRUCTION MANUALS SOLD AS A UNIT; PROGRAM-RECORDED SUBSTRATES FEATURING VIDEO GAMES FOR USE WITH TELEVISION VIDEO GAME MACHINES</description-text>        <specimen action-code="create" version="new">         <!--<file-name image-type="pdf" id="20130926165639057966-3311295-003_001" total-page-count="6">SPN0-9815015398-164552410_._Game_Stop_Website.pdf</file-name>--><file-name image-type="jpg" ref="20130926165639057966-3311295-003_001">\\TICRS\EXPORT16\IMAGEOUT16\770\908\77090832\xml1\8150002.JPG</file-name>         <file-name image-type="jpg" ref="20130926165639057966-3311295-003_001">\\TICRS\EXPORT16\IMAGEOUT16\770\908\77090832\xml1\8150003.JPG</file-name>         <file-name image-type="jpg" ref="20130926165639057966-3311295-003_001">\\TICRS\EXPORT16\IMAGEOUT16\770\908\77090832\xml1\8150004.JPG</file-name>         <file-name image-type="jpg" ref="20130926165639057966-3311295-003_001">\\TICRS\EXPORT16\IMAGEOUT16\770\908\77090832\xml1\8150005.JPG</file-name>         <file-name image-type="jpg" ref="20130926165639057966-3311295-003_001">\\TICRS\EXPORT16\IMAGEOUT16\770\908\77090832\xml1\8150006.JPG</file-name>         <file-name image-type="jpg" ref="20130926165639057966-3311295-003_001">\\TICRS\EXPORT16\IMAGEOUT16\770\908\77090832\xml1\8150007.JPG</file-name>         <!--<file-name image-type="pdf" id="20130926165639057966-3311295-003_002" total-page-count="6">SPN0-9815015398-164552410_._Amazon_Website.pdf</file-name>--><file-name image-type="jpg" ref="20130926165639057966-3311295-003_002">\\TICRS\EXPORT16\IMAGEOUT16\770\908\77090832\xml1\8150008.JPG</file-name>         <file-name image-type="jpg" ref="20130926165639057966-3311295-003_002">\\TICRS\EXPORT16\IMAGEOUT16\770\908\77090832\xml1\8150009.JPG</file-name>         <file-name image-type="jpg" ref="20130926165639057966-3311295-003_002">\\TICRS\EXPORT16\IMAGEOUT16\770\908\77090832\xml1\8150010.JPG</file-name>         <file-name image-type="jpg" ref="20130926165639057966-3311295-003_002">\\TICRS\EXPORT16\IMAGEOUT16\770\908\77090832\xml1\8150011.JPG</file-name>         <file-name image-type="jpg" ref="20130926165639057966-3311295-003_002">\\TICRS\EXPORT16\IMAGEOUT16\770\908\77090832\xml1\8150012.JPG</file-name>         <file-name image-type="jpg" ref="20130926165639057966-3311295-003_002">\\TICRS\EXPORT16\IMAGEOUT16\770\908\77090832\xml1\8150013.JPG</file-name>         <!--<file-name image-type="pdf" id="20130926165639057966-3311295-003_003" total-page-count="1">SPN0-9815015398-164552410_._Amazon_Website_Search.pdf</file-name>--><file-name image-type="jpg" ref="20130926165639057966-3311295-003_003">\\TICRS\EXPORT16\IMAGEOUT16\770\908\77090832\xml1\8150014.JPG</file-name>         <description-text>mark exhibited on product packaging</description-text>        </specimen>       </goods-service>      </goods-services>      <case-file-owners>       <case-file-owner action-code="read" version="original">        <owner-role-code>31</owner-role-code>        <owner-role-sequence-number>0</owner-role-sequence-number>        <entry-sequence-number>1</entry-sequence-number>        <legal-entity-type-code>03</legal-entity-type-code>        <name>INDEX DIGITAL MEDIA, INC.</name>        <street>6400 OAK CANYON, SUITE 100</street>        <city>IRVINE</city>        <state>California (CA)</state>        <postal-code>92618</postal-code>        <country-name>United States (USX)</country-name>        <incorporated-in-state-code>California (CA)</incorporated-in-state-code>       </case-file-owner>      </case-file-owners>     </section-form>     <correspondence-form>      <source-form>815</source-form>      <correspondences>       <correspondence action-code="read" version="original">        <type-code>a</type-code>        <new-address>         <name>JAMES E. SHLESINGER</name>         <firm-name>SHLESINGER, ARKWRIGHT &amp; GARVEY LLP</firm-name>         <street>1420 KING STREET, SUITE 600</street>         <internal-address/>         <city>ALEXANDRIA</city>         <state>Virginia (VA)</state>         <postal-code>22314</postal-code>         <country-name>United States (USX)</country-name>         <phone>(703) 684-5600</phone>         <fax>(703) 836-5288</fax>         <email authorized="n"/>         <attorney-docket-number>R5605</attorney-docket-number>         <other-appointed-attorney/>        </new-address>       </correspondence>       <correspondence action-code="update" version="correction">        <type-code>a</type-code>        <new-address>         <name>Seth M. Reiss</name>         <firm-name>Seth M. Reiss, AAL, ALLLC</firm-name>         <street>3770 Lurline Dr.</street>         <internal-address/>         <city>Honolulu</city>         <state>Hawaii (HI)</state>         <postal-code>96816</postal-code>         <country-name>United States (USX)</country-name>         <phone>(808) 521-7080</phone>         <fax>(808) 675-5805</fax>         <email authorized="y">seth.reiss@lex-ip.com</email>         <attorney-docket-number>1631-ID-8TM</attorney-docket-number>         <other-appointed-attorney/>        </new-address>       </correspondence>       <correspondence action-code="read" version="original">        <type-code>c</type-code>        <new-address>         <name>JAMES E. SHLESINGER</name>         <firm-name>SHLESINGER, ARKWRIGHT &amp; GARVEY LLP</firm-name>         <street>1420 KING STREET, SUITE 600</street>         <internal-address/>         <city>ALEXANDRIA</city>         <state>Virginia (VA)</state>         <postal-code>22314</postal-code>         <country-name>United States (USX)</country-name>         <phone>(703) 684-5600</phone>         <fax>(703) 836-5288</fax>         <email authorized="n"/>         <attorney-docket-number>R5605</attorney-docket-number>        </new-address>       </correspondence>       <correspondence action-code="update" version="correction">        <type-code>c</type-code>        <new-address>         <name>Seth M. Reiss</name>         <firm-name>Seth M. Reiss, AAL, ALLLC</firm-name>         <street>3770 Lurline Dr.</street>         <internal-address/>         <city>Honolulu</city>         <state>Hawaii (HI)</state>         <postal-code>96816</postal-code>         <country-name>United States (USX)</country-name>         <phone>(808) 521-7080</phone>         <fax>(808) 675-5805</fax>         <email authorized="y">seth.reiss@lex-ip.com</email>         <attorney-docket-number>1631-ID-8TM</attorney-docket-number>        </new-address>       </correspondence>      </correspondences>     </correspondence-form>     <rpad/>    </trademark-case-file>    <signatures>     <signature action-code="create" version="new">      <esignature-type>DIRECT</esignature-type>      <signature-type>D</signature-type>      <signature-entry-number>1</signature-entry-number>      <signature-name>/seth m reiss/</signature-name>      <signatory-date>20130926</signatory-date>      <signatory-name>Seth M. Reiss</signatory-name>      <signatory-position>Attorney of record, Hawaii bar member</signatory-position>      <phone>(808) 521-7080</phone>     </signature>    </signatures>    <fee-types>     <fee-type action-code="create" version="new">      <fee-code>7205|7208</fee-code>      <number-of-classes>1</number-of-classes>      <number-of-classes-paid>1</number-of-classes-paid>      <subtotal-amount>300</subtotal-amount>     </fee-type>     <total-amount>300</total-amount>    </fee-types>    <payment>     <ram-sale-number>3311295</ram-sale-number>     <ram-accounting-date>20130927</ram-accounting-date>     <payment-method>CC</payment-method>    </payment>   </trademark-case-files>   <boilerplates>    <boilerplate>     <boilerplate-type>EMAIL.2</boilerplate-type>     <boilerplate-description>Email Authorization Statement</boilerplate-description>     <boilerplate-text>Applicant authorizes the USPTO to communicate with the applicant at the listed e-mail address.</boilerplate-text>     <boilerplate-text>NOTE: Only one e-mail address may be used for correspondence.</boilerplate-text>    </boilerplate>    <boilerplate>     <boilerplate-type>GOODSSERVICES.815</boilerplate-type>     <boilerplate-description>Sections 8 and 15 Statement</boilerplate-description>     <boilerplate-text>the owner, or its related company, is using the mark in commerce on or in connection with all goods or services listed in the existing registration for this specific class; and The owner, or its related company, has continuously used the mark in commerce for five (5) consecutive years after the date of registration, or the date of publication under Section 12(c), and is still using the mark in commerce on or in connection with all goods or services listed in the existing registration for this class. Also, there has been no final decision adverse to the owner's claim of ownership of such mark for those goods or services, or to the owner's right to register the same or to keep the same on the register; and, there is no proceeding involving said rights pending and not disposed of in either the U.S. Patent and Trademark Office or the courts.</boilerplate-text>    </boilerplate>    <boilerplate>     <boilerplate-type>GOODSSERVICES.D815</boilerplate-type>     <boilerplate-description>Sections 8 and 15 Statement</boilerplate-description>     <boilerplate-text>the owner, or its related company, is using the mark in commerce on or in connection with all goods or services listed in the existing registration for this specific class; and The owner, or its related company, has continuously used the mark in commerce for five (5) consecutive years after the date of registration, or the date of publication under Section 12(c), and is still using the mark in commerce on or in connection with all goods or services listed in the existing registration for this class. Also, there has been no final decision adverse to the owner's claim of ownership of such mark for those goods or services, or to the owner's right to register the same or to keep the same on the register; and, there is no proceeding involving said rights pending and not disposed of in either the U.S. Patent and Trademark Office or the courts. The above statements are all entirely true</boilerplate-text>    </boilerplate>    <boilerplate>     <boilerplate-type>DECLARATION.815</boilerplate-type>     <boilerplate-description>TEAS 815 Declaration</boilerplate-description>     <boilerplate-text>The mark is in use in commerce on or in connection with the goods and/or services identified above, as evidenced by the attached specimen(s) showing the mark as used in commerce. The mark has been in continuous use in commerce for five (5) consecutive years after the date of registration, or the date of publication under Section 12(c), and is still in use in commerce. There has been no final decision adverse to the owner's claim of ownership of such mark, or to the owner's right to register the same or to keep the same on the register; and there is no proceeding involving said rights pending and not disposed of either in the U.S. Patent and Trademark Office or in the courts.</boilerplate-text>    </boilerplate>    <boilerplate>     <boilerplate-type>SIGNATURE.OTHER</boilerplate-type>     <boilerplate-description>Post Application Signature Statement</boilerplate-description>     <boilerplate-text>The undersigned being hereby warned that willful false statements and the like are punishable by fine or imprisonment, or both, under 18 U.S.C. Section 1001, and that such willful false statements and the like may jeopardize the validity of this document, declares that he/she is properly authorized to execute this document on behalf of the Owner; and all statements made of his/her own knowledge are true and that all statements made on information and belief are believed to be true.</boilerplate-text>    </boilerplate>   </boilerplates>   <filing>    <filing-identifier>20130926164552410161-3311295</filing-identifier>    <xml-create-date>20130926 16:53:33</xml-create-date>    <submit-date>Thu Sep 26 16:56:39 EDT 2013</submit-date>    <teas-stamp>USPTO/S08N15-XX.XXX.XXX.XX-20130926165639057966-3311295-500bd4e36ead435770f9d2211271547b8b3db23b23a34f48cb7c5761e391f5810-CC-4575-20130926164552410161</teas-stamp>    <filing-description>Combined Declaration of Use and Incontestability under Sections 8 &amp; 15</filing-description>    <reply-email>seth.reiss@lex-ip.com</reply-email>   </filing>  </uspto-tm-document>