<?xml version="1.0" encoding="ISO-8859-1"?>
<?xml-stylesheet type="text/xsl" href="../../stylesheets/pal 3.2/pal3.2ticrsimageretrieval1.0.xsl"?>
   <!-- ?xml-stylesheet type="text/xsl" href="PAL.xsl"? -->   <uspto-tm-document document-type="pal" document-subtype="pal"    description="Notice of Allowance"    system-creator="ClearPath" version="3.2"  version-date="20091030">   <trademark-notice>   <header>   <notice-type-code>PAL</notice-type-code>   <department><![CDATA[U.S. Patent and Trademark Office (USPTO)   ]]></department>   <notice-title>   NOTICE OF ALLOWANCE   </notice-title>   <notice-issue-date>Jul 27, 2010</notice-issue-date>   </header>   <address-uspto>   <orgname><![CDATA[Commissioner for Trademarks   ]]></orgname>   <address-1><![CDATA[Box ITU   ]]></address-1>   <address-2><![CDATA[P.O. Box 1451   ]]></address-2>   <city>Alexandria                              </city>   <state>VA </state>   <postcode>22313-1451          </postcode>   <country-name>United States   </country-name>   <email><![CDATA[TPostal@uspto.gov   ]]></email>   <url><![CDATA[www.uspto.gov   ]]></url>   </address-uspto>   <correspondence-address>   <address-1><![CDATA[JAMES E. SHLESINGER   ]]></address-1>   <address-2><![CDATA[SHLESINGER, ARKWRIGHT & GARVEY LLP   ]]></address-2>   <address-3><![CDATA[5845 RICHMOND HWY STE 415   ]]></address-3>   <address-4><![CDATA[ALEXANDRIA, VA 22303-1872   ]]></address-4>   </correspondence-address>   <document-content>   <serial-number>77757415  </serial-number>   <marks>   <mark-text><![CDATA[   TRAUMA TEAM (STANDARD CHARACTER MARK)   ]]></mark-text>   </marks>   <case-file-owners>   <case-file-owner>   <owner-name><![CDATA[   ATLUS U.S.A., INC.   ]]></owner-name>   <owner-address>   <address-1><![CDATA[   199 TECHNOLOGY DRIVE, SUITE 105   ]]></address-1>   <city><![CDATA[IRVINE                                  ]]></city>   <state><![CDATA[CALIFORNIA       ]]></state>   <postcode><![CDATA[92618               ]]></postcode>   </owner-address>   </case-file-owner>   </case-file-owners>   <goods-services>   <goods-service>   <class-code>009</class-code>   <description-text><![CDATA[   VIDEO AND COMPUTER GAME PROGRAMS, CARTRIDGES AND DISCS AND INSTRUCTION MANUALS SOLD AS   A UNIT; INTERACTIVE GAME PROGRAMS FEATURING VIDEO GAMES FOR USE WITH TELEVISION VIDEO   GAME MACHINES    -- FIRST USE DATE: NONE; -- USE IN COMMERCE DATE: NONE   ]]></description-text>   </goods-service>   </goods-services>   <filing-basis-current-1a-in>NO </filing-basis-current-1a-in>   <filing-basis-current-1b-in>YES</filing-basis-current-1b-in>   <filing-basis-current-44e-in>NO </filing-basis-current-44e-in>   <attorney-docket-number><![CDATA[R6023       ]]></attorney-docket-number>   </document-content>   </trademark-notice>   </uspto-tm-document>     